,threshold,N,n,errors,p,k,type,g
0,-0.005,100,5,1,0.01,1,train,1
1,-0.005,100,5,0,0.01,0,train,1
2,-0.005,100,5,0,0.01,0,train,1
3,-0.005,100,5,0,0.01,0,train,1
4,-0.005,100,5,1,0.01,1,train,1
5,-0.005,100,5,0,0.01,0,test,1
6,-0.005,100,5,1,0.01,17,test,1
7,-0.005,100,5,0,0.01,0,test,1
8,-0.005,100,5,1,0.01,1,test,1
9,-0.005,100,10,1,0.01,1,train,1
10,-0.005,100,10,0,0.01,0,train,1
11,-0.005,100,10,0,0.01,0,train,1
12,-0.005,100,10,0,0.01,0,train,1
13,-0.005,100,10,1,0.01,1,train,1
14,-0.005,100,10,0,0.01,0,train,1
15,-0.005,100,10,0,0.01,0,train,1
16,-0.005,100,10,0,0.01,0,train,1
17,-0.005,100,10,0,0.01,0,train,1
18,-0.005,100,10,1,0.01,1,train,1
19,-0.005,100,10,1,0.01,1,test,1
20,-0.005,100,10,0,0.01,0,test,1
21,-0.005,100,10,1,0.01,34,test,1
22,-0.005,100,10,0,0.01,0,test,1
23,-0.005,100,10,1,0.01,1,test,1
24,-0.005,100,10,1,0.01,1,test,1
25,-0.005,100,10,0,0.01,0,test,1
26,-0.005,100,10,1,0.01,1,test,1
27,-0.005,100,10,0,0.01,0,test,1
28,-0.005,100,15,1,0.01,1,train,1
29,-0.005,100,15,1,0.01,39,train,1
30,-0.005,100,15,0,0.01,0,train,1
31,-0.005,100,15,0,0.01,0,train,1
32,-0.005,100,15,1,0.01,1,train,1
33,-0.005,100,15,0,0.01,0,train,1
34,-0.005,100,15,0,0.01,0,train,1
35,-0.005,100,15,0,0.01,0,train,1
36,-0.005,100,15,0,0.01,0,train,1
37,-0.005,100,15,1,0.01,1,train,1
38,-0.005,100,15,1,0.01,1,train,1
39,-0.005,100,15,1,0.01,1,train,1
40,-0.005,100,15,0,0.01,0,train,1
41,-0.005,100,15,1,0.01,51,train,1
42,-0.005,100,15,0,0.01,0,train,1
43,-0.005,100,15,1,0.01,1,test,1
44,-0.005,100,15,0,0.01,0,test,1
45,-0.005,100,15,1,0.01,1,test,1
46,-0.005,100,15,0,0.01,0,test,1
47,-0.005,100,15,1,0.01,22,test,1
48,-0.005,100,15,0,0.01,0,test,1
49,-0.005,100,15,0,0.01,0,test,1
50,-0.005,100,15,1,0.01,13,test,1
51,-0.005,100,15,0,0.01,0,test,1
52,-0.005,100,15,0,0.01,0,test,1
53,-0.005,100,15,1,0.01,25,test,1
54,-0.005,100,15,1,0.01,1,test,1
55,-0.005,100,15,0,0.01,0,test,1
56,-0.005,100,15,1,0.01,41,test,1
57,-0.005,100,50,1,0.01,1,train,1
58,-0.005,100,50,1,0.01,39,train,1
59,-0.005,100,50,0,0.01,0,train,1
60,-0.005,100,50,0,0.01,0,train,1
61,-0.005,100,50,1,0.01,1,train,1
62,-0.005,100,50,0,0.01,0,train,1
63,-0.005,100,50,8,0.01,647,train,1
64,-0.005,100,50,0,0.01,0,train,1
65,-0.005,100,50,0,0.01,0,train,1
66,-0.005,100,50,1,0.01,1,train,1
67,-0.005,100,50,1,0.01,1,train,1
68,-0.005,100,50,1,0.01,1,train,1
69,-0.005,100,50,0,0.01,0,train,1
70,-0.005,100,50,1,0.01,51,train,1
71,-0.005,100,50,0,0.01,0,train,1
72,-0.005,100,50,1,0.01,1,train,1
73,-0.005,100,50,1,0.01,1,train,1
74,-0.005,100,50,0,0.01,0,train,1
75,-0.005,100,50,1,0.01,1,train,1
76,-0.005,100,50,0,0.01,0,train,1
77,-0.005,100,50,7,0.01,361,train,1
78,-0.005,100,50,0,0.01,0,train,1
79,-0.005,100,50,0,0.01,0,train,1
80,-0.005,100,50,2,0.01,137,train,1
81,-0.005,100,50,0,0.01,0,train,1
82,-0.005,100,50,0,0.01,0,train,1
83,-0.005,100,50,0,0.01,0,train,1
84,-0.005,100,50,1,0.01,1,train,1
85,-0.005,100,50,0,0.01,0,train,1
86,-0.005,100,50,7,0.01,328,train,1
87,-0.005,100,50,0,0.01,0,train,1
88,-0.005,100,50,1,0.01,1,train,1
89,-0.005,100,50,1,0.01,1,train,1
90,-0.005,100,50,7,0.01,361,train,1
91,-0.005,100,50,7,0.01,361,train,1
92,-0.005,100,50,1,0.01,1,train,1
93,-0.005,100,50,1,0.01,1,train,1
94,-0.005,100,50,6,0.01,248,train,1
95,-0.005,100,50,1,0.01,1,train,1
96,-0.005,100,50,0,0.01,0,train,1
97,-0.005,100,50,0,0.01,0,train,1
98,-0.005,100,50,3,0.01,288,train,1
99,-0.005,100,50,6,0.01,361,train,1
100,-0.005,100,50,1,0.01,13,train,1
101,-0.005,100,50,1,0.01,1,train,1
102,-0.005,100,50,0,0.01,0,train,1
103,-0.005,100,50,0,0.01,0,train,1
104,-0.005,100,50,0,0.01,0,train,1
105,-0.005,100,50,0,0.01,0,train,1
106,-0.005,100,50,0,0.01,0,train,1
107,-0.005,100,50,0,0.01,0,test,1
108,-0.005,100,50,8,0.01,647,test,1
109,-0.005,100,50,1,0.01,84,test,1
110,-0.005,100,50,2,0.01,32,test,1
111,-0.005,100,50,10,0.01,328,test,1
112,-0.005,100,50,0,0.01,0,test,1
113,-0.005,100,50,1,0.01,1,test,1
114,-0.005,100,50,3,0.01,17,test,1
115,-0.005,100,50,4,0.01,137,test,1
116,-0.005,100,50,1,0.01,18,test,1
117,-0.005,100,50,0,0.01,0,test,1
118,-0.005,100,50,1,0.01,84,test,1
119,-0.005,100,50,2,0.01,61,test,1
120,-0.005,100,50,1,0.01,1,test,1
121,-0.005,100,50,0,0.01,0,test,1
122,-0.005,100,50,1,0.01,1,test,1
123,-0.005,100,50,0,0.01,0,test,1
124,-0.005,100,50,1,0.01,61,test,1
125,-0.005,100,50,3,0.01,52,test,1
126,-0.005,100,50,1,0.01,1,test,1
127,-0.005,100,50,1,0.01,1,test,1
128,-0.005,100,50,1,0.01,1,test,1
129,-0.005,100,50,0,0.01,0,test,1
130,-0.005,100,50,1,0.01,1,test,1
131,-0.005,100,50,1,0.01,14,test,1
132,-0.005,100,50,1,0.01,1,test,1
133,-0.005,100,50,1,0.01,1,test,1
134,-0.005,100,50,0,0.01,0,test,1
135,-0.005,100,50,1,0.01,1,test,1
136,-0.005,100,50,3,0.01,28,test,1
137,-0.005,100,50,0,0.01,0,test,1
138,-0.005,100,50,1,0.01,1,test,1
139,-0.005,100,50,0,0.01,0,test,1
140,-0.005,100,50,2,0.01,159,test,1
141,-0.005,100,50,0,0.01,0,test,1
142,-0.005,100,50,1,0.01,8,test,1
143,-0.005,100,50,1,0.01,26,test,1
144,-0.005,100,50,1,0.01,84,test,1
145,-0.005,100,50,0,0.01,0,test,1
146,-0.005,100,50,1,0.01,1,test,1
147,-0.005,100,50,1,0.01,1,test,1
148,-0.005,100,50,1,0.01,1,test,1
149,-0.005,100,50,8,0.01,361,test,1
150,-0.005,100,50,3,0.01,186,test,1
151,-0.005,100,50,3,0.01,283,test,1
152,-0.005,100,50,0,0.01,0,test,1
153,-0.005,100,50,1,0.01,1,test,1
154,-0.005,100,50,1,0.01,1,test,1
155,-0.005,100,50,0,0.01,0,test,1
156,-0.005,100,100,35,0.01,597,train,1
157,-0.005,100,100,1,0.01,39,train,1
158,-0.005,100,100,4,0.01,105,train,1
159,-0.005,100,100,19,0.01,647,train,1
160,-0.005,100,100,35,0.01,597,train,1
161,-0.005,100,100,0,0.01,0,train,1
162,-0.005,100,100,20,0.01,1057,train,1
163,-0.005,100,100,19,0.01,647,train,1
164,-0.005,100,100,0,0.01,0,train,1
165,-0.005,100,100,35,0.01,597,train,1
166,-0.005,100,100,35,0.01,597,train,1
167,-0.005,100,100,35,0.01,597,train,1
168,-0.005,100,100,20,0.01,1165,train,1
169,-0.005,100,100,1,0.01,51,train,1
170,-0.005,100,100,0,0.01,0,train,1
171,-0.005,100,100,35,0.01,597,train,1
172,-0.005,100,100,35,0.01,597,train,1
173,-0.005,100,100,3,0.01,186,train,1
174,-0.005,100,100,35,0.01,597,train,1
175,-0.005,100,100,0,0.01,0,train,1
176,-0.005,100,100,19,0.01,1021,train,1
177,-0.005,100,100,0,0.01,0,train,1
178,-0.005,100,100,0,0.01,0,train,1
179,-0.005,100,100,4,0.01,141,train,1
180,-0.005,100,100,20,0.01,1021,train,1
181,-0.005,100,100,0,0.01,0,train,1
182,-0.005,100,100,0,0.01,0,train,1
183,-0.005,100,100,35,0.01,597,train,1
184,-0.005,100,100,20,0.01,1165,train,1
185,-0.005,100,100,19,0.01,568,train,1
186,-0.005,100,100,0,0.01,0,train,1
187,-0.005,100,100,35,0.01,597,train,1
188,-0.005,100,100,35,0.01,597,train,1
189,-0.005,100,100,19,0.01,1021,train,1
190,-0.005,100,100,19,0.01,1021,train,1
191,-0.005,100,100,35,0.01,597,train,1
192,-0.005,100,100,35,0.01,597,train,1
193,-0.005,100,100,18,0.01,568,train,1
194,-0.005,100,100,35,0.01,597,train,1
195,-0.005,100,100,4,0.01,188,train,1
196,-0.005,100,100,0,0.01,0,train,1
197,-0.005,100,100,5,0.01,288,train,1
198,-0.005,100,100,18,0.01,1021,train,1
199,-0.005,100,100,3,0.01,141,train,1
200,-0.005,100,100,35,0.01,597,train,1
201,-0.005,100,100,1,0.01,38,train,1
202,-0.005,100,100,0,0.01,0,train,1
203,-0.005,100,100,0,0.01,0,train,1
204,-0.005,100,100,0,0.01,0,train,1
205,-0.005,100,100,5,0.01,484,train,1
206,-0.005,100,100,35,0.01,597,train,1
207,-0.005,100,100,3,0.01,29,train,1
208,-0.005,100,100,20,0.01,1057,train,1
209,-0.005,100,100,5,0.01,125,train,1
210,-0.005,100,100,4,0.01,188,train,1
211,-0.005,100,100,18,0.01,568,train,1
212,-0.005,100,100,3,0.01,28,train,1
213,-0.005,100,100,35,0.01,597,train,1
214,-0.005,100,100,18,0.01,647,train,1
215,-0.005,100,100,4,0.01,141,train,1
216,-0.005,100,100,4,0.01,288,train,1
217,-0.005,100,100,0,0.01,0,train,1
218,-0.005,100,100,5,0.01,125,train,1
219,-0.005,100,100,4,0.01,105,train,1
220,-0.005,100,100,35,0.01,597,train,1
221,-0.005,100,100,0,0.01,0,train,1
222,-0.005,100,100,35,0.01,597,train,1
223,-0.005,100,100,3,0.01,29,train,1
224,-0.005,100,100,4,0.01,125,train,1
225,-0.005,100,100,18,0.01,647,train,1
226,-0.005,100,100,35,0.01,597,train,1
227,-0.005,100,100,35,0.01,597,train,1
228,-0.005,100,100,35,0.01,597,train,1
229,-0.005,100,100,0,0.01,0,train,1
230,-0.005,100,100,35,0.01,597,train,1
231,-0.005,100,100,19,0.01,1021,train,1
232,-0.005,100,100,35,0.01,597,train,1
233,-0.005,100,100,35,0.01,597,train,1
234,-0.005,100,100,0,0.01,0,train,1
235,-0.005,100,100,35,0.01,597,train,1
236,-0.005,100,100,0,0.01,0,train,1
237,-0.005,100,100,3,0.01,29,train,1
238,-0.005,100,100,35,0.01,597,train,1
239,-0.005,100,100,0,0.01,0,train,1
240,-0.005,100,100,19,0.01,1021,train,1
241,-0.005,100,100,20,0.01,1165,train,1
242,-0.005,100,100,19,0.01,1165,train,1
243,-0.005,100,100,0,0.01,0,train,1
244,-0.005,100,100,5,0.01,125,train,1
245,-0.005,100,100,0,0.01,0,train,1
246,-0.005,100,100,35,0.01,597,train,1
247,-0.005,100,100,35,0.01,597,train,1
248,-0.005,100,100,35,0.01,597,train,1
249,-0.005,100,100,20,0.01,1021,train,1
250,-0.005,100,100,2,0.01,186,train,1
251,-0.005,100,100,18,0.01,1021,train,1
252,-0.005,100,100,0,0.01,0,train,1
253,-0.005,100,100,35,0.01,597,train,1
254,-0.005,100,100,35,0.01,597,train,1
255,-0.005,100,100,0,0.01,0,train,1
256,-0.005,100,100,35,0.01,597,test,1
257,-0.005,100,100,7,0.01,288,test,1
258,-0.005,100,100,35,0.01,597,test,1
259,-0.005,100,100,20,0.01,1021,test,1
260,-0.005,100,100,35,0.01,597,test,1
261,-0.005,100,100,34,0.01,597,test,1
262,-0.005,100,100,20,0.01,1165,test,1
263,-0.005,100,100,35,0.01,597,test,1
264,-0.005,100,100,35,0.01,597,test,1
265,-0.005,100,100,23,0.01,1165,test,1
266,-0.005,100,100,34,0.01,597,test,1
267,-0.005,100,100,21,0.01,1021,test,1
268,-0.005,100,100,5,0.01,44,test,1
269,-0.005,100,100,20,0.01,1144,test,1
270,-0.005,100,100,35,0.01,597,test,1
271,-0.005,100,100,0,0.01,0,test,1
272,-0.005,100,100,35,0.01,597,test,1
273,-0.005,100,100,23,0.01,645,test,1
274,-0.005,100,100,34,0.01,597,test,1
275,-0.005,100,100,35,0.01,597,test,1
276,-0.005,100,100,35,0.01,597,test,1
277,-0.005,100,100,33,0.01,597,test,1
278,-0.005,100,100,33,0.01,597,test,1
279,-0.005,100,100,35,0.01,597,test,1
280,-0.005,100,100,5,0.01,141,test,1
281,-0.005,100,100,6,0.01,288,test,1
282,-0.005,100,100,35,0.01,597,test,1
283,-0.005,100,100,35,0.01,597,test,1
284,-0.005,100,100,21,0.01,1165,test,1
285,-0.005,100,100,33,0.01,597,test,1
286,-0.005,100,100,35,0.01,597,test,1
287,-0.005,100,100,34,0.01,597,test,1
288,-0.005,100,100,0,0.01,0,test,1
289,-0.005,100,100,36,0.01,597,test,1
290,-0.005,100,100,5,0.01,264,test,1
291,-0.005,100,100,5,0.01,188,test,1
292,-0.005,100,100,35,0.01,597,test,1
293,-0.005,100,100,35,0.01,597,test,1
294,-0.005,100,100,3,0.01,186,test,1
295,-0.005,100,100,35,0.01,597,test,1
296,-0.005,100,100,5,0.01,141,test,1
297,-0.005,100,100,4,0.01,61,test,1
298,-0.005,100,100,34,0.01,597,test,1
299,-0.005,100,100,20,0.01,1021,test,1
300,-0.005,100,100,34,0.01,597,test,1
301,-0.005,100,100,35,0.01,597,test,1
302,-0.005,100,100,5,0.01,125,test,1
303,-0.005,100,100,35,0.01,597,test,1
304,-0.005,100,100,20,0.01,1144,test,1
305,-0.005,100,100,0,0.01,0,test,1
306,-0.005,100,100,1,0.01,3,test,1
307,-0.005,100,100,0,0.01,0,test,1
308,-0.005,100,100,34,0.01,597,test,1
309,-0.005,100,100,35,0.01,597,test,1
310,-0.005,100,100,35,0.01,597,test,1
311,-0.005,100,100,35,0.01,597,test,1
312,-0.005,100,100,36,0.01,597,test,1
313,-0.005,100,100,35,0.01,597,test,1
314,-0.005,100,100,5,0.01,105,test,1
315,-0.005,100,100,35,0.01,597,test,1
316,-0.005,100,100,35,0.01,597,test,1
317,-0.005,100,100,5,0.01,484,test,1
318,-0.005,100,100,35,0.01,597,test,1
319,-0.005,100,100,0,0.01,0,test,1
320,-0.005,100,100,35,0.01,597,test,1
321,-0.005,100,100,20,0.01,1165,test,1
322,-0.005,100,100,35,0.01,597,test,1
323,-0.005,100,100,35,0.01,597,test,1
324,-0.005,100,100,35,0.01,597,test,1
325,-0.005,100,100,35,0.01,597,test,1
326,-0.005,100,100,35,0.01,597,test,1
327,-0.005,100,100,3,0.01,29,test,1
328,-0.005,100,100,34,0.01,597,test,1
329,-0.005,100,100,6,0.01,200,test,1
330,-0.005,100,100,35,0.01,597,test,1
331,-0.005,100,100,3,0.01,200,test,1
332,-0.005,100,100,35,0.01,597,test,1
333,-0.005,100,100,34,0.01,597,test,1
334,-0.005,100,100,20,0.01,647,test,1
335,-0.005,100,100,35,0.01,597,test,1
336,-0.005,100,100,21,0.01,647,test,1
337,-0.005,100,100,5,0.01,288,test,1
338,-0.005,100,100,6,0.01,186,test,1
339,-0.005,100,100,22,0.01,1021,test,1
340,-0.005,100,100,1,0.01,2,test,1
341,-0.005,100,100,0,0.01,0,test,1
342,-0.005,100,100,35,0.01,597,test,1
343,-0.005,100,100,20,0.01,647,test,1
344,-0.005,100,100,35,0.01,597,test,1
345,-0.005,100,100,5,0.01,484,test,1
346,-0.005,100,100,35,0.01,597,test,1
347,-0.005,100,100,1,0.01,68,test,1
348,-0.005,100,100,3,0.01,29,test,1
349,-0.005,100,100,35,0.01,597,test,1
350,-0.005,100,100,35,0.01,597,test,1
351,-0.005,100,100,0,0.01,0,test,1
352,-0.005,100,100,2,0.01,42,test,1
353,-0.005,100,100,34,0.01,597,test,1
354,-0.005,100,100,33,0.01,597,test,1
355,-0.095,100,5,11,0.1,230,train,1
356,-0.095,100,5,0,0.1,0,train,1
357,-0.095,100,5,27,0.1,597,train,1
358,-0.095,100,5,22,0.1,244,train,1
359,-0.095,100,5,11,0.1,244,train,1
360,-0.095,100,5,54,0.1,353,test,1
361,-0.095,100,5,51,0.1,353,test,1
362,-0.095,100,5,28,0.1,353,test,1
363,-0.095,100,5,51,0.1,353,test,1
364,-0.095,100,10,11,0.1,230,train,1
365,-0.095,100,10,0,0.1,0,train,1
366,-0.095,100,10,36,0.1,555,train,1
367,-0.095,100,10,23,0.1,244,train,1
368,-0.095,100,10,11,0.1,244,train,1
369,-0.095,100,10,22,0.1,244,train,1
370,-0.095,100,10,9,0.1,228,train,1
371,-0.095,100,10,0,0.1,0,train,1
372,-0.095,100,10,29,0.1,247,train,1
373,-0.095,100,10,6,0.1,175,train,1
374,-0.095,100,10,31,0.1,454,test,1
375,-0.095,100,10,35,0.1,244,test,1
376,-0.095,100,10,31,0.1,597,test,1
377,-0.095,100,10,37,0.1,328,test,1
378,-0.095,100,10,34,0.1,597,test,1
379,-0.095,100,10,37,0.1,283,test,1
380,-0.095,100,10,43,0.1,328,test,1
381,-0.095,100,10,40,0.1,597,test,1
382,-0.095,100,10,56,0.1,597,test,1
383,-0.095,100,15,20,0.1,246,train,1
384,-0.095,100,15,32,0.1,926,train,1
385,-0.095,100,15,39,0.1,762,train,1
386,-0.095,100,15,41,0.1,442,train,1
387,-0.095,100,15,20,0.1,244,train,1
388,-0.095,100,15,30,0.1,655,train,1
389,-0.095,100,15,35,0.1,1118,train,1
390,-0.095,100,15,23,0.1,411,train,1
391,-0.095,100,15,35,0.1,568,train,1
392,-0.095,100,15,22,0.1,366,train,1
393,-0.095,100,15,48,0.1,2070,train,1
394,-0.095,100,15,18,0.1,244,train,1
395,-0.095,100,15,42,0.1,491,train,1
396,-0.095,100,15,31,0.1,550,train,1
397,-0.095,100,15,30,0.1,939,train,1
398,-0.095,100,15,41,0.1,601,test,1
399,-0.095,100,15,44,0.1,939,test,1
400,-0.095,100,15,39,0.1,1370,test,1
401,-0.095,100,15,38,0.1,337,test,1
402,-0.095,100,15,44,0.1,246,test,1
403,-0.095,100,15,44,0.1,926,test,1
404,-0.095,100,15,50,0.1,1195,test,1
405,-0.095,100,15,44,0.1,597,test,1
406,-0.095,100,15,46,0.1,1533,test,1
407,-0.095,100,15,41,0.1,597,test,1
408,-0.095,100,15,36,0.1,993,test,1
409,-0.095,100,15,45,0.1,581,test,1
410,-0.095,100,15,47,0.1,926,test,1
411,-0.095,100,15,51,0.1,1584,test,1
412,-0.095,100,50,47,0.1,693,train,1
413,-0.095,100,50,55,0.1,1138,train,1
414,-0.095,100,50,47,0.1,928,train,1
415,-0.095,100,50,55,0.1,1155,train,1
416,-0.095,100,50,49,0.1,632,train,1
417,-0.095,100,50,53,0.1,1348,train,1
418,-0.095,100,50,45,0.1,832,train,1
419,-0.095,100,50,56,0.1,1358,train,1
420,-0.095,100,50,62,0.1,1298,train,1
421,-0.095,100,50,54,0.1,1249,train,1
422,-0.095,100,50,50,0.1,832,train,1
423,-0.095,100,50,46,0.1,627,train,1
424,-0.095,100,50,48,0.1,1053,train,1
425,-0.095,100,50,38,0.1,335,train,1
426,-0.095,100,50,46,0.1,926,train,1
427,-0.095,100,50,45,0.1,1053,train,1
428,-0.095,100,50,58,0.1,926,train,1
429,-0.095,100,50,42,0.1,502,train,1
430,-0.095,100,50,56,0.1,579,train,1
431,-0.095,100,50,52,0.1,1309,train,1
432,-0.095,100,50,48,0.1,832,train,1
433,-0.095,100,50,43,0.1,640,train,1
434,-0.095,100,50,45,0.1,645,train,1
435,-0.095,100,50,55,0.1,926,train,1
436,-0.095,100,50,32,0.1,1053,train,1
437,-0.095,100,50,54,0.1,1358,train,1
438,-0.095,100,50,57,0.1,926,train,1
439,-0.095,100,50,48,0.1,497,train,1
440,-0.095,100,50,50,0.1,626,train,1
441,-0.095,100,50,50,0.1,1358,train,1
442,-0.095,100,50,51,0.1,436,train,1
443,-0.095,100,50,35,0.1,803,train,1
444,-0.095,100,50,59,0.1,627,train,1
445,-0.095,100,50,50,0.1,1053,train,1
446,-0.095,100,50,53,0.1,812,train,1
447,-0.095,100,50,64,0.1,1479,train,1
448,-0.095,100,50,50,0.1,1348,train,1
449,-0.095,100,50,42,0.1,1291,train,1
450,-0.095,100,50,45,0.1,1291,train,1
451,-0.095,100,50,54,0.1,464,train,1
452,-0.095,100,50,56,0.1,926,train,1
453,-0.095,100,50,58,0.1,929,train,1
454,-0.095,100,50,55,0.1,640,train,1
455,-0.095,100,50,60,0.1,2404,train,1
456,-0.095,100,50,49,0.1,693,train,1
457,-0.095,100,50,53,0.1,929,train,1
458,-0.095,100,50,55,0.1,832,train,1
459,-0.095,100,50,38,0.1,926,train,1
460,-0.095,100,50,54,0.1,1358,train,1
461,-0.095,100,50,43,0.1,926,train,1
462,-0.095,100,50,56,0.1,646,test,1
463,-0.095,100,50,51,0.1,671,test,1
464,-0.095,100,50,55,0.1,1358,test,1
465,-0.095,100,50,51,0.1,926,test,1
466,-0.095,100,50,53,0.1,646,test,1
467,-0.095,100,50,48,0.1,579,test,1
468,-0.095,100,50,57,0.1,926,test,1
469,-0.095,100,50,60,0.1,693,test,1
470,-0.095,100,50,53,0.1,1138,test,1
471,-0.095,100,50,48,0.1,803,test,1
472,-0.095,100,50,55,0.1,926,test,1
473,-0.095,100,50,53,0.1,926,test,1
474,-0.095,100,50,54,0.1,1358,test,1
475,-0.095,100,50,60,0.1,1358,test,1
476,-0.095,100,50,59,0.1,646,test,1
477,-0.095,100,50,57,0.1,579,test,1
478,-0.095,100,50,54,0.1,645,test,1
479,-0.095,100,50,49,0.1,1291,test,1
480,-0.095,100,50,44,0.1,803,test,1
481,-0.095,100,50,56,0.1,1348,test,1
482,-0.095,100,50,47,0.1,803,test,1
483,-0.095,100,50,59,0.1,693,test,1
484,-0.095,100,50,52,0.1,926,test,1
485,-0.095,100,50,55,0.1,494,test,1
486,-0.095,100,50,55,0.1,693,test,1
487,-0.095,100,50,46,0.1,1098,test,1
488,-0.095,100,50,45,0.1,1053,test,1
489,-0.095,100,50,53,0.1,645,test,1
490,-0.095,100,50,52,0.1,494,test,1
491,-0.095,100,50,44,0.1,645,test,1
492,-0.095,100,50,55,0.1,693,test,1
493,-0.095,100,50,53,0.1,640,test,1
494,-0.095,100,50,56,0.1,832,test,1
495,-0.095,100,50,50,0.1,1053,test,1
496,-0.095,100,50,53,0.1,693,test,1
497,-0.095,100,50,48,0.1,645,test,1
498,-0.095,100,50,49,0.1,1053,test,1
499,-0.095,100,50,57,0.1,778,test,1
500,-0.095,100,50,51,0.1,693,test,1
501,-0.095,100,50,60,0.1,1358,test,1
502,-0.095,100,50,53,0.1,671,test,1
503,-0.095,100,50,47,0.1,538,test,1
504,-0.095,100,50,50,0.1,784,test,1
505,-0.095,100,50,54,0.1,926,test,1
506,-0.095,100,50,54,0.1,627,test,1
507,-0.095,100,50,47,0.1,579,test,1
508,-0.095,100,50,46,0.1,1358,test,1
509,-0.095,100,50,48,0.1,579,test,1
510,-0.095,100,50,51,0.1,645,test,1
511,-0.095,100,100,50,0.1,1144,train,1
512,-0.095,100,100,50,0.1,1220,train,1
513,-0.095,100,100,52,0.1,1220,train,1
514,-0.095,100,100,54,0.1,597,train,1
515,-0.095,100,100,50,0.1,597,train,1
516,-0.095,100,100,56,0.1,1220,train,1
517,-0.095,100,100,52,0.1,1220,train,1
518,-0.095,100,100,51,0.1,672,train,1
519,-0.095,100,100,55,0.1,1220,train,1
520,-0.095,100,100,55,0.1,1382,train,1
521,-0.095,100,100,47,0.1,685,train,1
522,-0.095,100,100,54,0.1,1144,train,1
523,-0.095,100,100,47,0.1,1801,train,1
524,-0.095,100,100,51,0.1,1220,train,1
525,-0.095,100,100,45,0.1,597,train,1
526,-0.095,100,100,54,0.1,1023,train,1
527,-0.095,100,100,61,0.1,1220,train,1
528,-0.095,100,100,53,0.1,1707,train,1
529,-0.095,100,100,49,0.1,685,train,1
530,-0.095,100,100,55,0.1,1023,train,1
531,-0.095,100,100,45,0.1,1023,train,1
532,-0.095,100,100,52,0.1,2181,train,1
533,-0.095,100,100,46,0.1,929,train,1
534,-0.095,100,100,58,0.1,1976,train,1
535,-0.095,100,100,41,0.1,685,train,1
536,-0.095,100,100,54,0.1,813,train,1
537,-0.095,100,100,58,0.1,929,train,1
538,-0.095,100,100,51,0.1,1023,train,1
539,-0.095,100,100,51,0.1,1220,train,1
540,-0.095,100,100,47,0.1,1220,train,1
541,-0.095,100,100,52,0.1,1023,train,1
542,-0.095,100,100,40,0.1,1220,train,1
543,-0.095,100,100,55,0.1,1297,train,1
544,-0.095,100,100,59,0.1,597,train,1
545,-0.095,100,100,56,0.1,1417,train,1
546,-0.095,100,100,58,0.1,1417,train,1
547,-0.095,100,100,53,0.1,1220,train,1
548,-0.095,100,100,47,0.1,2670,train,1
549,-0.095,100,100,48,0.1,1220,train,1
550,-0.095,100,100,57,0.1,1378,train,1
551,-0.095,100,100,55,0.1,1220,train,1
552,-0.095,100,100,52,0.1,1144,train,1
553,-0.095,100,100,56,0.1,929,train,1
554,-0.095,100,100,43,0.1,1220,train,1
555,-0.095,100,100,45,0.1,1021,train,1
556,-0.095,100,100,56,0.1,1878,train,1
557,-0.095,100,100,56,0.1,685,train,1
558,-0.095,100,100,43,0.1,609,train,1
559,-0.095,100,100,49,0.1,1023,train,1
560,-0.095,100,100,48,0.1,2670,train,1
561,-0.095,100,100,56,0.1,929,train,1
562,-0.095,100,100,58,0.1,1707,train,1
563,-0.095,100,100,54,0.1,929,train,1
564,-0.095,100,100,42,0.1,1220,train,1
565,-0.095,100,100,51,0.1,848,train,1
566,-0.095,100,100,59,0.1,1707,train,1
567,-0.095,100,100,45,0.1,1144,train,1
568,-0.095,100,100,56,0.1,1417,train,1
569,-0.095,100,100,57,0.1,1801,train,1
570,-0.095,100,100,58,0.1,1144,train,1
571,-0.095,100,100,47,0.1,929,train,1
572,-0.095,100,100,56,0.1,1220,train,1
573,-0.095,100,100,54,0.1,1220,train,1
574,-0.095,100,100,57,0.1,730,train,1
575,-0.095,100,100,53,0.1,1417,train,1
576,-0.095,100,100,55,0.1,1707,train,1
577,-0.095,100,100,52,0.1,1378,train,1
578,-0.095,100,100,53,0.1,597,train,1
579,-0.095,100,100,54,0.1,730,train,1
580,-0.095,100,100,47,0.1,929,train,1
581,-0.095,100,100,57,0.1,1742,train,1
582,-0.095,100,100,50,0.1,1801,train,1
583,-0.095,100,100,58,0.1,1220,train,1
584,-0.095,100,100,57,0.1,1220,train,1
585,-0.095,100,100,59,0.1,1144,train,1
586,-0.095,100,100,52,0.1,1220,train,1
587,-0.095,100,100,53,0.1,1417,train,1
588,-0.095,100,100,48,0.1,685,train,1
589,-0.095,100,100,52,0.1,1220,train,1
590,-0.095,100,100,42,0.1,929,train,1
591,-0.095,100,100,47,0.1,1801,train,1
592,-0.095,100,100,54,0.1,1220,train,1
593,-0.095,100,100,49,0.1,813,train,1
594,-0.095,100,100,53,0.1,1144,train,1
595,-0.095,100,100,54,0.1,996,train,1
596,-0.095,100,100,50,0.1,685,train,1
597,-0.095,100,100,51,0.1,1220,train,1
598,-0.095,100,100,48,0.1,1220,train,1
599,-0.095,100,100,56,0.1,1297,train,1
600,-0.095,100,100,50,0.1,597,train,1
601,-0.095,100,100,55,0.1,1417,train,1
602,-0.095,100,100,53,0.1,597,train,1
603,-0.095,100,100,48,0.1,1042,train,1
604,-0.095,100,100,55,0.1,1220,train,1
605,-0.095,100,100,53,0.1,1023,train,1
606,-0.095,100,100,51,0.1,1801,train,1
607,-0.095,100,100,48,0.1,1023,train,1
608,-0.095,100,100,45,0.1,685,train,1
609,-0.095,100,100,49,0.1,1220,train,1
610,-0.095,100,100,58,0.1,982,train,1
611,-0.095,100,100,51,0.1,730,test,1
612,-0.095,100,100,51,0.1,1220,test,1
613,-0.095,100,100,50,0.1,1220,test,1
614,-0.095,100,100,54,0.1,1707,test,1
615,-0.095,100,100,57,0.1,821,test,1
616,-0.095,100,100,55,0.1,1220,test,1
617,-0.095,100,100,51,0.1,1021,test,1
618,-0.095,100,100,49,0.1,1220,test,1
619,-0.095,100,100,52,0.1,1023,test,1
620,-0.095,100,100,55,0.1,813,test,1
621,-0.095,100,100,56,0.1,813,test,1
622,-0.095,100,100,52,0.1,601,test,1
623,-0.095,100,100,56,0.1,813,test,1
624,-0.095,100,100,52,0.1,685,test,1
625,-0.095,100,100,50,0.1,1220,test,1
626,-0.095,100,100,55,0.1,1144,test,1
627,-0.095,100,100,55,0.1,1220,test,1
628,-0.095,100,100,51,0.1,685,test,1
629,-0.095,100,100,57,0.1,1707,test,1
630,-0.095,100,100,56,0.1,982,test,1
631,-0.095,100,100,60,0.1,1707,test,1
632,-0.095,100,100,57,0.1,1220,test,1
633,-0.095,100,100,50,0.1,1707,test,1
634,-0.095,100,100,56,0.1,982,test,1
635,-0.095,100,100,54,0.1,1144,test,1
636,-0.095,100,100,52,0.1,821,test,1
637,-0.095,100,100,51,0.1,535,test,1
638,-0.095,100,100,52,0.1,1801,test,1
639,-0.095,100,100,55,0.1,1220,test,1
640,-0.095,100,100,50,0.1,597,test,1
641,-0.095,100,100,51,0.1,1220,test,1
642,-0.095,100,100,49,0.1,1015,test,1
643,-0.095,100,100,55,0.1,1801,test,1
644,-0.095,100,100,55,0.1,1707,test,1
645,-0.095,100,100,54,0.1,1707,test,1
646,-0.095,100,100,51,0.1,1220,test,1
647,-0.095,100,100,55,0.1,1220,test,1
648,-0.095,100,100,51,0.1,1220,test,1
649,-0.095,100,100,51,0.1,1220,test,1
650,-0.095,100,100,60,0.1,645,test,1
651,-0.095,100,100,55,0.1,1220,test,1
652,-0.095,100,100,53,0.1,813,test,1
653,-0.095,100,100,52,0.1,1220,test,1
654,-0.095,100,100,56,0.1,1378,test,1
655,-0.095,100,100,47,0.1,1220,test,1
656,-0.095,100,100,48,0.1,1220,test,1
657,-0.095,100,100,52,0.1,1220,test,1
658,-0.095,100,100,50,0.1,597,test,1
659,-0.095,100,100,51,0.1,1220,test,1
660,-0.095,100,100,55,0.1,645,test,1
661,-0.095,100,100,54,0.1,1220,test,1
662,-0.095,100,100,55,0.1,813,test,1
663,-0.095,100,100,53,0.1,1220,test,1
664,-0.095,100,100,51,0.1,929,test,1
665,-0.095,100,100,54,0.1,1023,test,1
666,-0.095,100,100,54,0.1,1220,test,1
667,-0.095,100,100,55,0.1,1220,test,1
668,-0.095,100,100,46,0.1,730,test,1
669,-0.095,100,100,49,0.1,730,test,1
670,-0.095,100,100,50,0.1,1707,test,1
671,-0.095,100,100,62,0.1,1319,test,1
672,-0.095,100,100,56,0.1,1220,test,1
673,-0.095,100,100,53,0.1,1220,test,1
674,-0.095,100,100,51,0.1,929,test,1
675,-0.095,100,100,56,0.1,1015,test,1
676,-0.095,100,100,54,0.1,1220,test,1
677,-0.095,100,100,50,0.1,463,test,1
678,-0.095,100,100,55,0.1,1707,test,1
679,-0.095,100,100,53,0.1,1417,test,1
680,-0.095,100,100,53,0.1,597,test,1
681,-0.095,100,100,61,0.1,1220,test,1
682,-0.095,100,100,62,0.1,2652,test,1
683,-0.095,100,100,56,0.1,982,test,1
684,-0.095,100,100,53,0.1,1417,test,1
685,-0.095,100,100,55,0.1,1801,test,1
686,-0.095,100,100,59,0.1,730,test,1
687,-0.095,100,100,57,0.1,1144,test,1
688,-0.095,100,100,54,0.1,1220,test,1
689,-0.095,100,100,49,0.1,652,test,1
690,-0.095,100,100,58,0.1,1726,test,1
691,-0.095,100,100,54,0.1,730,test,1
692,-0.095,100,100,58,0.1,1707,test,1
693,-0.095,100,100,52,0.1,1220,test,1
694,-0.095,100,100,55,0.1,1707,test,1
695,-0.095,100,100,52,0.1,1220,test,1
696,-0.095,100,100,52,0.1,929,test,1
697,-0.095,100,100,51,0.1,1135,test,1
698,-0.095,100,100,50,0.1,1220,test,1
699,-0.095,100,100,57,0.1,813,test,1
700,-0.095,100,100,56,0.1,1144,test,1
701,-0.095,100,100,52,0.1,1220,test,1
702,-0.095,100,100,52,0.1,1220,test,1
703,-0.095,100,100,57,0.1,848,test,1
704,-0.095,100,100,57,0.1,1382,test,1
705,-0.095,100,100,52,0.1,568,test,1
706,-0.095,100,100,57,0.1,672,test,1
707,-0.095,100,100,55,0.1,1707,test,1
708,-0.095,100,100,55,0.1,1220,test,1
709,-0.095,100,100,53,0.1,1220,test,1
710,-0.05,100,5,0,0.01,0,train,10
711,-0.05,100,5,0,0.01,0,train,10
712,-0.05,100,5,1,0.01,1,train,10
713,-0.05,100,5,1,0.01,1,train,10
714,-0.05,100,5,0,0.01,0,train,10
715,-0.05,100,5,0,0.01,0,test,10
716,-0.05,100,5,1,0.01,1,test,10
717,-0.05,100,5,0,0.01,0,test,10
718,-0.05,100,5,0,0.01,0,test,10
719,-0.05,100,10,0,0.01,0,train,10
720,-0.05,100,10,0,0.01,0,train,10
721,-0.05,100,10,1,0.01,1,train,10
722,-0.05,100,10,1,0.01,1,train,10
723,-0.05,100,10,0,0.01,0,train,10
724,-0.05,100,10,0,0.01,0,train,10
725,-0.05,100,10,0,0.01,0,train,10
726,-0.05,100,10,1,0.01,1,train,10
727,-0.05,100,10,0,0.01,0,train,10
728,-0.05,100,10,0,0.01,0,train,10
729,-0.05,100,10,2,0.01,63,test,10
730,-0.05,100,10,0,0.01,0,test,10
731,-0.05,100,10,1,0.01,1,test,10
732,-0.05,100,10,1,0.01,1,test,10
733,-0.05,100,10,0,0.01,0,test,10
734,-0.05,100,10,0,0.01,0,test,10
735,-0.05,100,10,2,0.01,82,test,10
736,-0.05,100,10,1,0.01,1,test,10
737,-0.05,100,10,2,0.01,34,test,10
738,-0.05,100,15,0,0.01,0,train,10
739,-0.05,100,15,0,0.01,0,train,10
740,-0.05,100,15,1,0.01,1,train,10
741,-0.05,100,15,1,0.01,1,train,10
742,-0.05,100,15,0,0.01,0,train,10
743,-0.05,100,15,0,0.01,0,train,10
744,-0.05,100,15,0,0.01,0,train,10
745,-0.05,100,15,1,0.01,1,train,10
746,-0.05,100,15,0,0.01,0,train,10
747,-0.05,100,15,0,0.01,0,train,10
748,-0.05,100,15,1,0.01,42,train,10
749,-0.05,100,15,0,0.01,0,train,10
750,-0.05,100,15,0,0.01,0,train,10
751,-0.05,100,15,1,0.01,1,train,10
752,-0.05,100,15,1,0.01,1,train,10
753,-0.05,100,15,2,0.01,230,test,10
754,-0.05,100,15,2,0.01,82,test,10
755,-0.05,100,15,1,0.01,1,test,10
756,-0.05,100,15,2,0.01,34,test,10
757,-0.05,100,15,1,0.01,1,test,10
758,-0.05,100,15,0,0.01,0,test,10
759,-0.05,100,15,0,0.01,0,test,10
760,-0.05,100,15,2,0.01,24,test,10
761,-0.05,100,15,3,0.01,141,test,10
762,-0.05,100,15,1,0.01,1,test,10
763,-0.05,100,15,0,0.01,0,test,10
764,-0.05,100,15,0,0.01,0,test,10
765,-0.05,100,15,3,0.01,90,test,10
766,-0.05,100,15,1,0.01,1,test,10
767,-0.05,100,50,0,0.01,0,train,10
768,-0.05,100,50,0,0.01,0,train,10
769,-0.05,100,50,3,0.01,174,train,10
770,-0.05,100,50,3,0.01,174,train,10
771,-0.05,100,50,0,0.01,0,train,10
772,-0.05,100,50,0,0.01,0,train,10
773,-0.05,100,50,0,0.01,0,train,10
774,-0.05,100,50,3,0.01,174,train,10
775,-0.05,100,50,8,0.01,335,train,10
776,-0.05,100,50,0,0.01,0,train,10
777,-0.05,100,50,1,0.01,42,train,10
778,-0.05,100,50,0,0.01,0,train,10
779,-0.05,100,50,0,0.01,0,train,10
780,-0.05,100,50,3,0.01,174,train,10
781,-0.05,100,50,3,0.01,174,train,10
782,-0.05,100,50,8,0.01,335,train,10
783,-0.05,100,50,2,0.01,230,train,10
784,-0.05,100,50,0,0.01,0,train,10
785,-0.05,100,50,3,0.01,174,train,10
786,-0.05,100,50,6,0.01,335,train,10
787,-0.05,100,50,3,0.01,174,train,10
788,-0.05,100,50,0,0.01,0,train,10
789,-0.05,100,50,0,0.01,0,train,10
790,-0.05,100,50,0,0.01,0,train,10
791,-0.05,100,50,5,0.01,283,train,10
792,-0.05,100,50,3,0.01,174,train,10
793,-0.05,100,50,2,0.01,174,train,10
794,-0.05,100,50,0,0.01,0,train,10
795,-0.05,100,50,1,0.01,70,train,10
796,-0.05,100,50,3,0.01,174,train,10
797,-0.05,100,50,0,0.01,0,train,10
798,-0.05,100,50,3,0.01,174,train,10
799,-0.05,100,50,6,0.01,335,train,10
800,-0.05,100,50,3,0.01,174,train,10
801,-0.05,100,50,8,0.01,283,train,10
802,-0.05,100,50,0,0.01,0,train,10
803,-0.05,100,50,3,0.01,174,train,10
804,-0.05,100,50,0,0.01,0,train,10
805,-0.05,100,50,0,0.01,0,train,10
806,-0.05,100,50,3,0.01,174,train,10
807,-0.05,100,50,0,0.01,0,train,10
808,-0.05,100,50,3,0.01,174,train,10
809,-0.05,100,50,2,0.01,174,train,10
810,-0.05,100,50,3,0.01,174,train,10
811,-0.05,100,50,7,0.01,335,train,10
812,-0.05,100,50,3,0.01,174,train,10
813,-0.05,100,50,3,0.01,174,train,10
814,-0.05,100,50,3,0.01,174,train,10
815,-0.05,100,50,3,0.01,174,train,10
816,-0.05,100,50,3,0.01,228,train,10
817,-0.05,100,50,0,0.01,0,test,10
818,-0.05,100,50,3,0.01,174,test,10
819,-0.05,100,50,2,0.01,106,test,10
820,-0.05,100,50,3,0.01,174,test,10
821,-0.05,100,50,5,0.01,228,test,10
822,-0.05,100,50,1,0.01,36,test,10
823,-0.05,100,50,1,0.01,86,test,10
824,-0.05,100,50,3,0.01,174,test,10
825,-0.05,100,50,5,0.01,228,test,10
826,-0.05,100,50,3,0.01,174,test,10
827,-0.05,100,50,2,0.01,80,test,10
828,-0.05,100,50,3,0.01,174,test,10
829,-0.05,100,50,3,0.01,174,test,10
830,-0.05,100,50,0,0.01,0,test,10
831,-0.05,100,50,3,0.01,103,test,10
832,-0.05,100,50,0,0.01,0,test,10
833,-0.05,100,50,3,0.01,174,test,10
834,-0.05,100,50,0,0.01,0,test,10
835,-0.05,100,50,0,0.01,0,test,10
836,-0.05,100,50,3,0.01,174,test,10
837,-0.05,100,50,3,0.01,174,test,10
838,-0.05,100,50,0,0.01,0,test,10
839,-0.05,100,50,3,0.01,174,test,10
840,-0.05,100,50,1,0.01,17,test,10
841,-0.05,100,50,2,0.01,174,test,10
842,-0.05,100,50,10,0.01,345,test,10
843,-0.05,100,50,3,0.01,174,test,10
844,-0.05,100,50,1,0.01,3,test,10
845,-0.05,100,50,1,0.01,62,test,10
846,-0.05,100,50,3,0.01,174,test,10
847,-0.05,100,50,4,0.01,228,test,10
848,-0.05,100,50,1,0.01,7,test,10
849,-0.05,100,50,0,0.01,0,test,10
850,-0.05,100,50,0,0.01,0,test,10
851,-0.05,100,50,3,0.01,174,test,10
852,-0.05,100,50,8,0.01,335,test,10
853,-0.05,100,50,9,0.01,335,test,10
854,-0.05,100,50,0,0.01,0,test,10
855,-0.05,100,50,2,0.01,41,test,10
856,-0.05,100,50,3,0.01,174,test,10
857,-0.05,100,50,3,0.01,174,test,10
858,-0.05,100,50,2,0.01,63,test,10
859,-0.05,100,50,5,0.01,103,test,10
860,-0.05,100,50,1,0.01,4,test,10
861,-0.05,100,50,10,0.01,335,test,10
862,-0.05,100,50,3,0.01,210,test,10
863,-0.05,100,50,2,0.01,67,test,10
864,-0.05,100,50,9,0.01,390,test,10
865,-0.05,100,50,0,0.01,0,test,10
866,-0.05,100,100,0,0.01,0,train,10
867,-0.05,100,100,3,0.01,144,train,10
868,-0.05,100,100,3,0.01,174,train,10
869,-0.05,100,100,3,0.01,174,train,10
870,-0.05,100,100,0,0.01,0,train,10
871,-0.05,100,100,0,0.01,0,train,10
872,-0.05,100,100,11,0.01,335,train,10
873,-0.05,100,100,3,0.01,174,train,10
874,-0.05,100,100,9,0.01,335,train,10
875,-0.05,100,100,0,0.01,0,train,10
876,-0.05,100,100,1,0.01,42,train,10
877,-0.05,100,100,9,0.01,335,train,10
878,-0.05,100,100,3,0.01,80,train,10
879,-0.05,100,100,3,0.01,174,train,10
880,-0.05,100,100,3,0.01,174,train,10
881,-0.05,100,100,9,0.01,335,train,10
882,-0.05,100,100,11,0.01,441,train,10
883,-0.05,100,100,9,0.01,335,train,10
884,-0.05,100,100,3,0.01,174,train,10
885,-0.05,100,100,7,0.01,335,train,10
886,-0.05,100,100,3,0.01,174,train,10
887,-0.05,100,100,0,0.01,0,train,10
888,-0.05,100,100,1,0.01,37,train,10
889,-0.05,100,100,0,0.01,0,train,10
890,-0.05,100,100,5,0.01,117,train,10
891,-0.05,100,100,3,0.01,174,train,10
892,-0.05,100,100,2,0.01,174,train,10
893,-0.05,100,100,0,0.01,0,train,10
894,-0.05,100,100,8,0.01,570,train,10
895,-0.05,100,100,3,0.01,174,train,10
896,-0.05,100,100,4,0.01,210,train,10
897,-0.05,100,100,3,0.01,174,train,10
898,-0.05,100,100,7,0.01,335,train,10
899,-0.05,100,100,3,0.01,174,train,10
900,-0.05,100,100,11,0.01,230,train,10
901,-0.05,100,100,0,0.01,0,train,10
902,-0.05,100,100,3,0.01,174,train,10
903,-0.05,100,100,0,0.01,0,train,10
904,-0.05,100,100,0,0.01,0,train,10
905,-0.05,100,100,3,0.01,174,train,10
906,-0.05,100,100,4,0.01,244,train,10
907,-0.05,100,100,3,0.01,174,train,10
908,-0.05,100,100,2,0.01,174,train,10
909,-0.05,100,100,3,0.01,174,train,10
910,-0.05,100,100,8,0.01,335,train,10
911,-0.05,100,100,3,0.01,174,train,10
912,-0.05,100,100,3,0.01,174,train,10
913,-0.05,100,100,3,0.01,174,train,10
914,-0.05,100,100,3,0.01,174,train,10
915,-0.05,100,100,10,0.01,570,train,10
916,-0.05,100,100,0,0.01,0,train,10
917,-0.05,100,100,0,0.01,0,train,10
918,-0.05,100,100,3,0.01,174,train,10
919,-0.05,100,100,0,0.01,0,train,10
920,-0.05,100,100,3,0.01,174,train,10
921,-0.05,100,100,11,0.01,570,train,10
922,-0.05,100,100,0,0.01,0,train,10
923,-0.05,100,100,1,0.01,86,train,10
924,-0.05,100,100,3,0.01,174,train,10
925,-0.05,100,100,11,0.01,570,train,10
926,-0.05,100,100,3,0.01,174,train,10
927,-0.05,100,100,1,0.01,52,train,10
928,-0.05,100,100,3,0.01,174,train,10
929,-0.05,100,100,3,0.01,174,train,10
930,-0.05,100,100,11,0.01,570,train,10
931,-0.05,100,100,12,0.01,335,train,10
932,-0.05,100,100,2,0.01,106,train,10
933,-0.05,100,100,3,0.01,174,train,10
934,-0.05,100,100,0,0.01,0,train,10
935,-0.05,100,100,0,0.01,0,train,10
936,-0.05,100,100,3,0.01,174,train,10
937,-0.05,100,100,3,0.01,174,train,10
938,-0.05,100,100,4,0.01,244,train,10
939,-0.05,100,100,3,0.01,174,train,10
940,-0.05,100,100,2,0.01,144,train,10
941,-0.05,100,100,2,0.01,174,train,10
942,-0.05,100,100,9,0.01,228,train,10
943,-0.05,100,100,3,0.01,174,train,10
944,-0.05,100,100,10,0.01,335,train,10
945,-0.05,100,100,3,0.01,244,train,10
946,-0.05,100,100,3,0.01,174,train,10
947,-0.05,100,100,12,0.01,570,train,10
948,-0.05,100,100,10,0.01,335,train,10
949,-0.05,100,100,0,0.01,0,train,10
950,-0.05,100,100,0,0.01,0,train,10
951,-0.05,100,100,3,0.01,174,train,10
952,-0.05,100,100,9,0.01,335,train,10
953,-0.05,100,100,13,0.01,570,train,10
954,-0.05,100,100,0,0.01,0,train,10
955,-0.05,100,100,9,0.01,570,train,10
956,-0.05,100,100,3,0.01,174,train,10
957,-0.05,100,100,3,0.01,174,train,10
958,-0.05,100,100,11,0.01,335,train,10
959,-0.05,100,100,7,0.01,579,train,10
960,-0.05,100,100,2,0.01,89,train,10
961,-0.05,100,100,7,0.01,335,train,10
962,-0.05,100,100,1,0.01,133,train,10
963,-0.05,100,100,1,0.01,17,train,10
964,-0.05,100,100,10,0.01,570,train,10
965,-0.05,100,100,3,0.01,94,train,10
966,-0.05,100,100,3,0.01,174,test,10
967,-0.05,100,100,1,0.01,42,test,10
968,-0.05,100,100,1,0.01,1,test,10
969,-0.05,100,100,0,0.01,0,test,10
970,-0.05,100,100,0,0.01,0,test,10
971,-0.05,100,100,4,0.01,244,test,10
972,-0.05,100,100,2,0.01,81,test,10
973,-0.05,100,100,1,0.01,16,test,10
974,-0.05,100,100,11,0.01,570,test,10
975,-0.05,100,100,3,0.01,174,test,10
976,-0.05,100,100,3,0.01,174,test,10
977,-0.05,100,100,3,0.01,174,test,10
978,-0.05,100,100,1,0.01,16,test,10
979,-0.05,100,100,0,0.01,0,test,10
980,-0.05,100,100,3,0.01,174,test,10
981,-0.05,100,100,3,0.01,174,test,10
982,-0.05,100,100,3,0.01,174,test,10
983,-0.05,100,100,3,0.01,174,test,10
984,-0.05,100,100,2,0.01,174,test,10
985,-0.05,100,100,3,0.01,174,test,10
986,-0.05,100,100,5,0.01,244,test,10
987,-0.05,100,100,3,0.01,174,test,10
988,-0.05,100,100,0,0.01,0,test,10
989,-0.05,100,100,3,0.01,174,test,10
990,-0.05,100,100,3,0.01,174,test,10
991,-0.05,100,100,14,0.01,600,test,10
992,-0.05,100,100,13,0.01,570,test,10
993,-0.05,100,100,9,0.01,360,test,10
994,-0.05,100,100,13,0.01,570,test,10
995,-0.05,100,100,1,0.01,61,test,10
996,-0.05,100,100,11,0.01,1023,test,10
997,-0.05,100,100,3,0.01,174,test,10
998,-0.05,100,100,2,0.01,213,test,10
999,-0.05,100,100,12,0.01,570,test,10
1000,-0.05,100,100,3,0.01,174,test,10
1001,-0.05,100,100,0,0.01,0,test,10
1002,-0.05,100,100,1,0.01,25,test,10
1003,-0.05,100,100,3,0.01,174,test,10
1004,-0.05,100,100,5,0.01,201,test,10
1005,-0.05,100,100,0,0.01,0,test,10
1006,-0.05,100,100,5,0.01,244,test,10
1007,-0.05,100,100,3,0.01,174,test,10
1008,-0.05,100,100,9,0.01,335,test,10
1009,-0.05,100,100,3,0.01,174,test,10
1010,-0.05,100,100,0,0.01,0,test,10
1011,-0.05,100,100,1,0.01,37,test,10
1012,-0.05,100,100,12,0.01,570,test,10
1013,-0.05,100,100,0,0.01,0,test,10
1014,-0.05,100,100,3,0.01,174,test,10
1015,-0.05,100,100,11,0.01,339,test,10
1016,-0.05,100,100,1,0.01,36,test,10
1017,-0.05,100,100,1,0.01,60,test,10
1018,-0.05,100,100,14,0.01,570,test,10
1019,-0.05,100,100,3,0.01,174,test,10
1020,-0.05,100,100,0,0.01,0,test,10
1021,-0.05,100,100,3,0.01,174,test,10
1022,-0.05,100,100,4,0.01,89,test,10
1023,-0.05,100,100,8,0.01,346,test,10
1024,-0.05,100,100,3,0.01,174,test,10
1025,-0.05,100,100,0,0.01,0,test,10
1026,-0.05,100,100,3,0.01,174,test,10
1027,-0.05,100,100,0,0.01,0,test,10
1028,-0.05,100,100,3,0.01,174,test,10
1029,-0.05,100,100,13,0.01,570,test,10
1030,-0.05,100,100,2,0.01,106,test,10
1031,-0.05,100,100,1,0.01,17,test,10
1032,-0.05,100,100,1,0.01,37,test,10
1033,-0.05,100,100,4,0.01,244,test,10
1034,-0.05,100,100,11,0.01,228,test,10
1035,-0.05,100,100,12,0.01,570,test,10
1036,-0.05,100,100,3,0.01,174,test,10
1037,-0.05,100,100,12,0.01,570,test,10
1038,-0.05,100,100,0,0.01,0,test,10
1039,-0.05,100,100,1,0.01,16,test,10
1040,-0.05,100,100,3,0.01,174,test,10
1041,-0.05,100,100,3,0.01,174,test,10
1042,-0.05,100,100,3,0.01,174,test,10
1043,-0.05,100,100,3,0.01,80,test,10
1044,-0.05,100,100,3,0.01,112,test,10
1045,-0.05,100,100,2,0.01,24,test,10
1046,-0.05,100,100,13,0.01,570,test,10
1047,-0.05,100,100,1,0.01,58,test,10
1048,-0.05,100,100,13,0.01,288,test,10
1049,-0.05,100,100,1,0.01,10,test,10
1050,-0.05,100,100,0,0.01,0,test,10
1051,-0.05,100,100,3,0.01,174,test,10
1052,-0.05,100,100,11,0.01,339,test,10
1053,-0.05,100,100,11,0.01,335,test,10
1054,-0.05,100,100,0,0.01,0,test,10
1055,-0.05,100,100,9,0.01,247,test,10
1056,-0.05,100,100,0,0.01,0,test,10
1057,-0.05,100,100,0,0.01,0,test,10
1058,-0.05,100,100,0,0.01,0,test,10
1059,-0.05,100,100,0,0.01,0,test,10
1060,-0.05,100,100,3,0.01,174,test,10
1061,-0.05,100,100,1,0.01,39,test,10
1062,-0.05,100,100,11,0.01,339,test,10
1063,-0.05,100,100,3,0.01,89,test,10
1064,-0.05,100,100,3,0.01,174,test,10
1065,-0.95,100,5,11,0.1,411,train,10
1066,-0.95,100,5,0,0.1,0,train,10
1067,-0.95,100,5,12,0.1,244,train,10
1068,-0.95,100,5,27,0.1,389,train,10
1069,-0.95,100,5,11,0.1,926,train,10
1070,-0.95,100,5,15,0.1,184,test,10
1071,-0.95,100,5,12,0.1,89,test,10
1072,-0.95,100,5,28,0.1,353,test,10
1073,-0.95,100,5,14,0.1,235,test,10
1074,-0.95,100,10,11,0.1,246,train,10
1075,-0.95,100,10,0,0.1,0,train,10
1076,-0.95,100,10,27,0.1,283,train,10
1077,-0.95,100,10,27,0.1,283,train,10
1078,-0.95,100,10,11,0.1,263,train,10
1079,-0.95,100,10,22,0.1,263,train,10
1080,-0.95,100,10,9,0.1,228,train,10
1081,-0.95,100,10,0,0.1,0,train,10
1082,-0.95,100,10,23,0.1,263,train,10
1083,-0.95,100,10,6,0.1,175,train,10
1084,-0.95,100,10,27,0.1,244,test,10
1085,-0.95,100,10,28,0.1,244,test,10
1086,-0.95,100,10,31,0.1,597,test,10
1087,-0.95,100,10,30,0.1,283,test,10
1088,-0.95,100,10,27,0.1,230,test,10
1089,-0.95,100,10,30,0.1,283,test,10
1090,-0.95,100,10,31,0.1,362,test,10
1091,-0.95,100,10,30,0.1,249,test,10
1092,-0.95,100,10,39,0.1,597,test,10
1093,-0.95,100,15,20,0.1,389,train,10
1094,-0.95,100,15,23,0.1,747,train,10
1095,-0.95,100,15,32,0.1,597,train,10
1096,-0.95,100,15,36,0.1,421,train,10
1097,-0.95,100,15,20,0.1,366,train,10
1098,-0.95,100,15,36,0.1,1199,train,10
1099,-0.95,100,15,9,0.1,228,train,10
1100,-0.95,100,15,29,0.1,813,train,10
1101,-0.95,100,15,35,0.1,747,train,10
1102,-0.95,100,15,6,0.1,175,train,10
1103,-0.95,100,15,12,0.1,308,train,10
1104,-0.95,100,15,10,0.1,228,train,10
1105,-0.95,100,15,35,0.1,300,train,10
1106,-0.95,100,15,39,0.1,1462,train,10
1107,-0.95,100,15,13,0.1,230,train,10
1108,-0.95,100,15,37,0.1,1228,test,10
1109,-0.95,100,15,37,0.1,926,test,10
1110,-0.95,100,15,39,0.1,1023,test,10
1111,-0.95,100,15,33,0.1,961,test,10
1112,-0.95,100,15,40,0.1,1228,test,10
1113,-0.95,100,15,40,0.1,568,test,10
1114,-0.95,100,15,45,0.1,1228,test,10
1115,-0.95,100,15,41,0.1,620,test,10
1116,-0.95,100,15,37,0.1,1057,test,10
1117,-0.95,100,15,35,0.1,735,test,10
1118,-0.95,100,15,36,0.1,1023,test,10
1119,-0.95,100,15,30,0.1,351,test,10
1120,-0.95,100,15,43,0.1,1462,test,10
1121,-0.95,100,15,37,0.1,653,test,10
1122,-0.95,100,50,39,0.1,335,train,10
1123,-0.95,100,50,50,0.1,1548,train,10
1124,-0.95,100,50,42,0.1,642,train,10
1125,-0.95,100,50,46,0.1,1370,train,10
1126,-0.95,100,50,43,0.1,411,train,10
1127,-0.95,100,50,48,0.1,1548,train,10
1128,-0.95,100,50,48,0.1,642,train,10
1129,-0.95,100,50,47,0.1,954,train,10
1130,-0.95,100,50,55,0.1,2661,train,10
1131,-0.95,100,50,42,0.1,1074,train,10
1132,-0.95,100,50,43,0.1,954,train,10
1133,-0.95,100,50,48,0.1,1895,train,10
1134,-0.95,100,50,45,0.1,642,train,10
1135,-0.95,100,50,35,0.1,954,train,10
1136,-0.95,100,50,39,0.1,730,train,10
1137,-0.95,100,50,42,0.1,642,train,10
1138,-0.95,100,50,51,0.1,730,train,10
1139,-0.95,100,50,47,0.1,1362,train,10
1140,-0.95,100,50,49,0.1,598,train,10
1141,-0.95,100,50,47,0.1,642,train,10
1142,-0.95,100,50,39,0.1,954,train,10
1143,-0.95,100,50,38,0.1,642,train,10
1144,-0.95,100,50,38,0.1,1548,train,10
1145,-0.95,100,50,48,0.1,1548,train,10
1146,-0.95,100,50,29,0.1,642,train,10
1147,-0.95,100,50,44,0.1,1072,train,10
1148,-0.95,100,50,48,0.1,642,train,10
1149,-0.95,100,50,45,0.1,685,train,10
1150,-0.95,100,50,47,0.1,929,train,10
1151,-0.95,100,50,45,0.1,642,train,10
1152,-0.95,100,50,48,0.1,954,train,10
1153,-0.95,100,50,32,0.1,1548,train,10
1154,-0.95,100,50,53,0.1,1815,train,10
1155,-0.95,100,50,47,0.1,642,train,10
1156,-0.95,100,50,46,0.1,642,train,10
1157,-0.95,100,50,34,0.1,1518,train,10
1158,-0.95,100,50,44,0.1,456,train,10
1159,-0.95,100,50,39,0.1,620,train,10
1160,-0.95,100,50,44,0.1,598,train,10
1161,-0.95,100,50,49,0.1,749,train,10
1162,-0.95,100,50,49,0.1,712,train,10
1163,-0.95,100,50,28,0.1,524,train,10
1164,-0.95,100,50,52,0.1,1548,train,10
1165,-0.95,100,50,42,0.1,1423,train,10
1166,-0.95,100,50,42,0.1,620,train,10
1167,-0.95,100,50,46,0.1,1548,train,10
1168,-0.95,100,50,46,0.1,1548,train,10
1169,-0.95,100,50,31,0.1,642,train,10
1170,-0.95,100,50,47,0.1,1548,train,10
1171,-0.95,100,50,38,0.1,642,train,10
1172,-0.95,100,50,48,0.1,1370,test,10
1173,-0.95,100,50,48,0.1,954,test,10
1174,-0.95,100,50,48,0.1,1548,test,10
1175,-0.95,100,50,42,0.1,642,test,10
1176,-0.95,100,50,45,0.1,1362,test,10
1177,-0.95,100,50,47,0.1,1548,test,10
1178,-0.95,100,50,50,0.1,642,test,10
1179,-0.95,100,50,52,0.1,1072,test,10
1180,-0.95,100,50,48,0.1,1548,test,10
1181,-0.95,100,50,43,0.1,642,test,10
1182,-0.95,100,50,50,0.1,712,test,10
1183,-0.95,100,50,44,0.1,642,test,10
1184,-0.95,100,50,45,0.1,642,test,10
1185,-0.95,100,50,53,0.1,1815,test,10
1186,-0.95,100,50,52,0.1,518,test,10
1187,-0.95,100,50,50,0.1,1548,test,10
1188,-0.95,100,50,48,0.1,590,test,10
1189,-0.95,100,50,46,0.1,886,test,10
1190,-0.95,100,50,43,0.1,2358,test,10
1191,-0.95,100,50,51,0.1,642,test,10
1192,-0.95,100,50,42,0.1,954,test,10
1193,-0.95,100,50,50,0.1,685,test,10
1194,-0.95,100,50,47,0.1,642,test,10
1195,-0.95,100,50,46,0.1,1072,test,10
1196,-0.95,100,50,46,0.1,954,test,10
1197,-0.95,100,50,43,0.1,642,test,10
1198,-0.95,100,50,42,0.1,366,test,10
1199,-0.95,100,50,48,0.1,642,test,10
1200,-0.95,100,50,48,0.1,1548,test,10
1201,-0.95,100,50,39,0.1,1548,test,10
1202,-0.95,100,50,46,0.1,642,test,10
1203,-0.95,100,50,47,0.1,605,test,10
1204,-0.95,100,50,47,0.1,954,test,10
1205,-0.95,100,50,47,0.1,929,test,10
1206,-0.95,100,50,44,0.1,642,test,10
1207,-0.95,100,50,43,0.1,642,test,10
1208,-0.95,100,50,48,0.1,642,test,10
1209,-0.95,100,50,49,0.1,1548,test,10
1210,-0.95,100,50,44,0.1,642,test,10
1211,-0.95,100,50,51,0.1,2661,test,10
1212,-0.95,100,50,50,0.1,1548,test,10
1213,-0.95,100,50,44,0.1,886,test,10
1214,-0.95,100,50,47,0.1,1548,test,10
1215,-0.95,100,50,45,0.1,642,test,10
1216,-0.95,100,50,45,0.1,642,test,10
1217,-0.95,100,50,46,0.1,954,test,10
1218,-0.95,100,50,43,0.1,954,test,10
1219,-0.95,100,50,43,0.1,954,test,10
1220,-0.95,100,50,48,0.1,1548,test,10
1221,-0.95,100,100,44,0.1,1021,train,10
1222,-0.95,100,100,44,0.1,1447,train,10
1223,-0.95,100,100,43,0.1,1072,train,10
1224,-0.95,100,100,47,0.1,1081,train,10
1225,-0.95,100,100,56,0.1,1041,train,10
1226,-0.95,100,100,48,0.1,1942,train,10
1227,-0.95,100,100,43,0.1,623,train,10
1228,-0.95,100,100,43,0.1,1021,train,10
1229,-0.95,100,100,47,0.1,1545,train,10
1230,-0.95,100,100,47,0.1,1167,train,10
1231,-0.95,100,100,40,0.1,601,train,10
1232,-0.95,100,100,46,0.1,1072,train,10
1233,-0.95,100,100,39,0.1,1144,train,10
1234,-0.95,100,100,41,0.1,1144,train,10
1235,-0.95,100,100,39,0.1,1021,train,10
1236,-0.95,100,100,44,0.1,760,train,10
1237,-0.95,100,100,51,0.1,1360,train,10
1238,-0.95,100,100,46,0.1,1072,train,10
1239,-0.95,100,100,42,0.1,601,train,10
1240,-0.95,100,100,47,0.1,1021,train,10
1241,-0.95,100,100,37,0.1,1030,train,10
1242,-0.95,100,100,46,0.1,1155,train,10
1243,-0.95,100,100,35,0.1,623,train,10
1244,-0.95,100,100,49,0.1,1623,train,10
1245,-0.95,100,100,37,0.1,541,train,10
1246,-0.95,100,100,46,0.1,1623,train,10
1247,-0.95,100,100,50,0.1,642,train,10
1248,-0.95,100,100,44,0.1,601,train,10
1249,-0.95,100,100,36,0.1,370,train,10
1250,-0.95,100,100,44,0.1,623,train,10
1251,-0.95,100,100,45,0.1,1318,train,10
1252,-0.95,100,100,32,0.1,642,train,10
1253,-0.95,100,100,47,0.1,1732,train,10
1254,-0.95,100,100,51,0.1,597,train,10
1255,-0.95,100,100,48,0.1,685,train,10
1256,-0.95,100,100,47,0.1,1423,train,10
1257,-0.95,100,100,44,0.1,1072,train,10
1258,-0.95,100,100,41,0.1,1548,train,10
1259,-0.95,100,100,39,0.1,645,train,10
1260,-0.95,100,100,40,0.1,357,train,10
1261,-0.95,100,100,47,0.1,1072,train,10
1262,-0.95,100,100,45,0.1,751,train,10
1263,-0.95,100,100,49,0.1,1932,train,10
1264,-0.95,100,100,35,0.1,1309,train,10
1265,-0.95,100,100,42,0.1,1549,train,10
1266,-0.95,100,100,46,0.1,1360,train,10
1267,-0.95,100,100,48,0.1,642,train,10
1268,-0.95,100,100,33,0.1,916,train,10
1269,-0.95,100,100,40,0.1,743,train,10
1270,-0.95,100,100,38,0.1,654,train,10
1271,-0.95,100,100,50,0.1,1072,train,10
1272,-0.95,100,100,39,0.1,429,train,10
1273,-0.95,100,100,44,0.1,645,train,10
1274,-0.95,100,100,33,0.1,623,train,10
1275,-0.95,100,100,47,0.1,2181,train,10
1276,-0.95,100,100,49,0.1,1447,train,10
1277,-0.95,100,100,39,0.1,1167,train,10
1278,-0.95,100,100,48,0.1,1220,train,10
1279,-0.95,100,100,48,0.1,815,train,10
1280,-0.95,100,100,50,0.1,2422,train,10
1281,-0.95,100,100,40,0.1,623,train,10
1282,-0.95,100,100,50,0.1,1724,train,10
1283,-0.95,100,100,46,0.1,1732,train,10
1284,-0.95,100,100,49,0.1,1732,train,10
1285,-0.95,100,100,43,0.1,1549,train,10
1286,-0.95,100,100,49,0.1,1942,train,10
1287,-0.95,100,100,44,0.1,1942,train,10
1288,-0.95,100,100,46,0.1,635,train,10
1289,-0.95,100,100,48,0.1,642,train,10
1290,-0.95,100,100,39,0.1,460,train,10
1291,-0.95,100,100,53,0.1,1041,train,10
1292,-0.95,100,100,41,0.1,623,train,10
1293,-0.95,100,100,52,0.1,1155,train,10
1294,-0.95,100,100,47,0.1,642,train,10
1295,-0.95,100,100,49,0.1,1549,train,10
1296,-0.95,100,100,44,0.1,1549,train,10
1297,-0.95,100,100,42,0.1,1021,train,10
1298,-0.95,100,100,38,0.1,360,train,10
1299,-0.95,100,100,39,0.1,619,train,10
1300,-0.95,100,100,36,0.1,597,train,10
1301,-0.95,100,100,37,0.1,712,train,10
1302,-0.95,100,100,45,0.1,1041,train,10
1303,-0.95,100,100,48,0.1,1549,train,10
1304,-0.95,100,100,47,0.1,1041,train,10
1305,-0.95,100,100,53,0.1,3102,train,10
1306,-0.95,100,100,39,0.1,1030,train,10
1307,-0.95,100,100,42,0.1,623,train,10
1308,-0.95,100,100,41,0.1,635,train,10
1309,-0.95,100,100,53,0.1,1167,train,10
1310,-0.95,100,100,48,0.1,1041,train,10
1311,-0.95,100,100,47,0.1,1093,train,10
1312,-0.95,100,100,52,0.1,1729,train,10
1313,-0.95,100,100,42,0.1,1639,train,10
1314,-0.95,100,100,47,0.1,597,train,10
1315,-0.95,100,100,42,0.1,623,train,10
1316,-0.95,100,100,42,0.1,623,train,10
1317,-0.95,100,100,40,0.1,652,train,10
1318,-0.95,100,100,37,0.1,457,train,10
1319,-0.95,100,100,40,0.1,635,train,10
1320,-0.95,100,100,42,0.1,1073,train,10
1321,-0.95,100,100,44,0.1,623,test,10
1322,-0.95,100,100,43,0.1,1309,test,10
1323,-0.95,100,100,45,0.1,635,test,10
1324,-0.95,100,100,44,0.1,457,test,10
1325,-0.95,100,100,46,0.1,647,test,10
1326,-0.95,100,100,47,0.1,1338,test,10
1327,-0.95,100,100,44,0.1,751,test,10
1328,-0.95,100,100,42,0.1,635,test,10
1329,-0.95,100,100,45,0.1,623,test,10
1330,-0.95,100,100,43,0.1,1732,test,10
1331,-0.95,100,100,48,0.1,1623,test,10
1332,-0.95,100,100,47,0.1,623,test,10
1333,-0.95,100,100,46,0.1,1549,test,10
1334,-0.95,100,100,44,0.1,491,test,10
1335,-0.95,100,100,45,0.1,635,test,10
1336,-0.95,100,100,46,0.1,587,test,10
1337,-0.95,100,100,47,0.1,1073,test,10
1338,-0.95,100,100,43,0.1,597,test,10
1339,-0.95,100,100,51,0.1,1155,test,10
1340,-0.95,100,100,48,0.1,1549,test,10
1341,-0.95,100,100,53,0.1,2607,test,10
1342,-0.95,100,100,52,0.1,635,test,10
1343,-0.95,100,100,43,0.1,1041,test,10
1344,-0.95,100,100,44,0.1,522,test,10
1345,-0.95,100,100,46,0.1,1732,test,10
1346,-0.95,100,100,44,0.1,930,test,10
1347,-0.95,100,100,45,0.1,1548,test,10
1348,-0.95,100,100,46,0.1,1545,test,10
1349,-0.95,100,100,47,0.1,1732,test,10
1350,-0.95,100,100,44,0.1,1549,test,10
1351,-0.95,100,100,41,0.1,685,test,10
1352,-0.95,100,100,45,0.1,642,test,10
1353,-0.95,100,100,45,0.1,1549,test,10
1354,-0.95,100,100,45,0.1,1072,test,10
1355,-0.95,100,100,46,0.1,1309,test,10
1356,-0.95,100,100,45,0.1,1309,test,10
1357,-0.95,100,100,46,0.1,666,test,10
1358,-0.95,100,100,42,0.1,635,test,10
1359,-0.95,100,100,45,0.1,568,test,10
1360,-0.95,100,100,48,0.1,1732,test,10
1361,-0.95,100,100,49,0.1,1732,test,10
1362,-0.95,100,100,49,0.1,1072,test,10
1363,-0.95,100,100,42,0.1,685,test,10
1364,-0.95,100,100,48,0.1,930,test,10
1365,-0.95,100,100,39,0.1,642,test,10
1366,-0.95,100,100,40,0.1,712,test,10
1367,-0.95,100,100,48,0.1,2137,test,10
1368,-0.95,100,100,41,0.1,635,test,10
1369,-0.95,100,100,42,0.1,1030,test,10
1370,-0.95,100,100,45,0.1,1732,test,10
1371,-0.95,100,100,46,0.1,568,test,10
1372,-0.95,100,100,49,0.1,1623,test,10
1373,-0.95,100,100,46,0.1,1623,test,10
1374,-0.95,100,100,44,0.1,635,test,10
1375,-0.95,100,100,48,0.1,1155,test,10
1376,-0.95,100,100,49,0.1,645,test,10
1377,-0.95,100,100,44,0.1,623,test,10
1378,-0.95,100,100,42,0.1,597,test,10
1379,-0.95,100,100,41,0.1,1309,test,10
1380,-0.95,100,100,44,0.1,645,test,10
1381,-0.95,100,100,50,0.1,1751,test,10
1382,-0.95,100,100,49,0.1,1072,test,10
1383,-0.95,100,100,44,0.1,623,test,10
1384,-0.95,100,100,45,0.1,1072,test,10
1385,-0.95,100,100,48,0.1,1021,test,10
1386,-0.95,100,100,45,0.1,623,test,10
1387,-0.95,100,100,42,0.1,491,test,10
1388,-0.95,100,100,47,0.1,1323,test,10
1389,-0.95,100,100,42,0.1,597,test,10
1390,-0.95,100,100,48,0.1,673,test,10
1391,-0.95,100,100,53,0.1,645,test,10
1392,-0.95,100,100,56,0.1,1639,test,10
1393,-0.95,100,100,48,0.1,1309,test,10
1394,-0.95,100,100,44,0.1,1041,test,10
1395,-0.95,100,100,47,0.1,1732,test,10
1396,-0.95,100,100,47,0.1,645,test,10
1397,-0.95,100,100,53,0.1,1155,test,10
1398,-0.95,100,100,47,0.1,623,test,10
1399,-0.95,100,100,42,0.1,1030,test,10
1400,-0.95,100,100,49,0.1,1854,test,10
1401,-0.95,100,100,46,0.1,1144,test,10
1402,-0.95,100,100,51,0.1,1623,test,10
1403,-0.95,100,100,44,0.1,1318,test,10
1404,-0.95,100,100,49,0.1,820,test,10
1405,-0.95,100,100,45,0.1,635,test,10
1406,-0.95,100,100,46,0.1,1724,test,10
1407,-0.95,100,100,47,0.1,1155,test,10
1408,-0.95,100,100,42,0.1,820,test,10
1409,-0.95,100,100,47,0.1,1549,test,10
1410,-0.95,100,100,47,0.1,815,test,10
1411,-0.95,100,100,46,0.1,1167,test,10
1412,-0.95,100,100,44,0.1,1499,test,10
1413,-0.95,100,100,48,0.1,1942,test,10
1414,-0.95,100,100,49,0.1,1072,test,10
1415,-0.95,100,100,45,0.1,418,test,10
1416,-0.95,100,100,47,0.1,1360,test,10
1417,-0.95,100,100,45,0.1,1549,test,10
1418,-0.95,100,100,47,0.1,1447,test,10
1419,-0.95,100,100,46,0.1,1623,test,10
1420,-0.5,100,5,0,0.01,0,train,100
1421,-0.5,100,5,0,0.01,0,train,100
1422,-0.5,100,5,1,0.01,1,train,100
1423,-0.5,100,5,1,0.01,1,train,100
1424,-0.5,100,5,0,0.01,0,train,100
1425,-0.5,100,5,0,0.01,0,test,100
1426,-0.5,100,5,1,0.01,1,test,100
1427,-0.5,100,5,0,0.01,0,test,100
1428,-0.5,100,5,0,0.01,0,test,100
1429,-0.5,100,10,0,0.01,0,train,100
1430,-0.5,100,10,0,0.01,0,train,100
1431,-0.5,100,10,1,0.01,1,train,100
1432,-0.5,100,10,1,0.01,1,train,100
1433,-0.5,100,10,0,0.01,0,train,100
1434,-0.5,100,10,0,0.01,0,train,100
1435,-0.5,100,10,0,0.01,0,train,100
1436,-0.5,100,10,1,0.01,1,train,100
1437,-0.5,100,10,0,0.01,0,train,100
1438,-0.5,100,10,0,0.01,0,train,100
1439,-0.5,100,10,2,0.01,63,test,100
1440,-0.5,100,10,0,0.01,0,test,100
1441,-0.5,100,10,1,0.01,1,test,100
1442,-0.5,100,10,1,0.01,1,test,100
1443,-0.5,100,10,0,0.01,0,test,100
1444,-0.5,100,10,0,0.01,0,test,100
1445,-0.5,100,10,2,0.01,82,test,100
1446,-0.5,100,10,1,0.01,1,test,100
1447,-0.5,100,10,2,0.01,34,test,100
1448,-0.5,100,15,0,0.01,0,train,100
1449,-0.5,100,15,0,0.01,0,train,100
1450,-0.5,100,15,1,0.01,1,train,100
1451,-0.5,100,15,1,0.01,1,train,100
1452,-0.5,100,15,0,0.01,0,train,100
1453,-0.5,100,15,0,0.01,0,train,100
1454,-0.5,100,15,0,0.01,0,train,100
1455,-0.5,100,15,1,0.01,1,train,100
1456,-0.5,100,15,0,0.01,0,train,100
1457,-0.5,100,15,0,0.01,0,train,100
1458,-0.5,100,15,1,0.01,42,train,100
1459,-0.5,100,15,0,0.01,0,train,100
1460,-0.5,100,15,0,0.01,0,train,100
1461,-0.5,100,15,1,0.01,1,train,100
1462,-0.5,100,15,1,0.01,1,train,100
1463,-0.5,100,15,2,0.01,230,test,100
1464,-0.5,100,15,2,0.01,82,test,100
1465,-0.5,100,15,1,0.01,1,test,100
1466,-0.5,100,15,2,0.01,34,test,100
1467,-0.5,100,15,1,0.01,1,test,100
1468,-0.5,100,15,0,0.01,0,test,100
1469,-0.5,100,15,0,0.01,0,test,100
1470,-0.5,100,15,2,0.01,24,test,100
1471,-0.5,100,15,3,0.01,141,test,100
1472,-0.5,100,15,1,0.01,1,test,100
1473,-0.5,100,15,0,0.01,0,test,100
1474,-0.5,100,15,0,0.01,0,test,100
1475,-0.5,100,15,3,0.01,90,test,100
1476,-0.5,100,15,1,0.01,1,test,100
1477,-0.5,100,50,0,0.01,0,train,100
1478,-0.5,100,50,0,0.01,0,train,100
1479,-0.5,100,50,3,0.01,174,train,100
1480,-0.5,100,50,3,0.01,174,train,100
1481,-0.5,100,50,0,0.01,0,train,100
1482,-0.5,100,50,0,0.01,0,train,100
1483,-0.5,100,50,0,0.01,0,train,100
1484,-0.5,100,50,3,0.01,174,train,100
1485,-0.5,100,50,2,0.01,110,train,100
1486,-0.5,100,50,0,0.01,0,train,100
1487,-0.5,100,50,1,0.01,42,train,100
1488,-0.5,100,50,0,0.01,0,train,100
1489,-0.5,100,50,0,0.01,0,train,100
1490,-0.5,100,50,3,0.01,174,train,100
1491,-0.5,100,50,3,0.01,174,train,100
1492,-0.5,100,50,2,0.01,34,train,100
1493,-0.5,100,50,2,0.01,230,train,100
1494,-0.5,100,50,0,0.01,0,train,100
1495,-0.5,100,50,3,0.01,174,train,100
1496,-0.5,100,50,0,0.01,0,train,100
1497,-0.5,100,50,3,0.01,174,train,100
1498,-0.5,100,50,0,0.01,0,train,100
1499,-0.5,100,50,0,0.01,0,train,100
1500,-0.5,100,50,0,0.01,0,train,100
1501,-0.5,100,50,0,0.01,0,train,100
1502,-0.5,100,50,3,0.01,174,train,100
1503,-0.5,100,50,2,0.01,174,train,100
1504,-0.5,100,50,0,0.01,0,train,100
1505,-0.5,100,50,0,0.01,0,train,100
1506,-0.5,100,50,3,0.01,174,train,100
1507,-0.5,100,50,0,0.01,0,train,100
1508,-0.5,100,50,3,0.01,174,train,100
1509,-0.5,100,50,0,0.01,0,train,100
1510,-0.5,100,50,3,0.01,174,train,100
1511,-0.5,100,50,3,0.01,141,train,100
1512,-0.5,100,50,0,0.01,0,train,100
1513,-0.5,100,50,3,0.01,174,train,100
1514,-0.5,100,50,0,0.01,0,train,100
1515,-0.5,100,50,0,0.01,0,train,100
1516,-0.5,100,50,3,0.01,174,train,100
1517,-0.5,100,50,0,0.01,0,train,100
1518,-0.5,100,50,3,0.01,174,train,100
1519,-0.5,100,50,2,0.01,174,train,100
1520,-0.5,100,50,3,0.01,174,train,100
1521,-0.5,100,50,0,0.01,0,train,100
1522,-0.5,100,50,3,0.01,174,train,100
1523,-0.5,100,50,3,0.01,174,train,100
1524,-0.5,100,50,3,0.01,174,train,100
1525,-0.5,100,50,3,0.01,174,train,100
1526,-0.5,100,50,0,0.01,0,train,100
1527,-0.5,100,50,0,0.01,0,test,100
1528,-0.5,100,50,3,0.01,174,test,100
1529,-0.5,100,50,2,0.01,106,test,100
1530,-0.5,100,50,3,0.01,174,test,100
1531,-0.5,100,50,2,0.01,49,test,100
1532,-0.5,100,50,1,0.01,36,test,100
1533,-0.5,100,50,1,0.01,86,test,100
1534,-0.5,100,50,3,0.01,174,test,100
1535,-0.5,100,50,4,0.01,228,test,100
1536,-0.5,100,50,3,0.01,174,test,100
1537,-0.5,100,50,2,0.01,80,test,100
1538,-0.5,100,50,3,0.01,174,test,100
1539,-0.5,100,50,3,0.01,174,test,100
1540,-0.5,100,50,0,0.01,0,test,100
1541,-0.5,100,50,3,0.01,111,test,100
1542,-0.5,100,50,0,0.01,0,test,100
1543,-0.5,100,50,3,0.01,174,test,100
1544,-0.5,100,50,0,0.01,0,test,100
1545,-0.5,100,50,0,0.01,0,test,100
1546,-0.5,100,50,3,0.01,174,test,100
1547,-0.5,100,50,3,0.01,174,test,100
1548,-0.5,100,50,0,0.01,0,test,100
1549,-0.5,100,50,3,0.01,174,test,100
1550,-0.5,100,50,1,0.01,17,test,100
1551,-0.5,100,50,2,0.01,174,test,100
1552,-0.5,100,50,3,0.01,141,test,100
1553,-0.5,100,50,3,0.01,174,test,100
1554,-0.5,100,50,1,0.01,3,test,100
1555,-0.5,100,50,1,0.01,62,test,100
1556,-0.5,100,50,3,0.01,174,test,100
1557,-0.5,100,50,1,0.01,49,test,100
1558,-0.5,100,50,1,0.01,7,test,100
1559,-0.5,100,50,0,0.01,0,test,100
1560,-0.5,100,50,0,0.01,0,test,100
1561,-0.5,100,50,3,0.01,174,test,100
1562,-0.5,100,50,2,0.01,34,test,100
1563,-0.5,100,50,4,0.01,335,test,100
1564,-0.5,100,50,0,0.01,0,test,100
1565,-0.5,100,50,2,0.01,41,test,100
1566,-0.5,100,50,3,0.01,174,test,100
1567,-0.5,100,50,3,0.01,174,test,100
1568,-0.5,100,50,2,0.01,63,test,100
1569,-0.5,100,50,4,0.01,168,test,100
1570,-0.5,100,50,1,0.01,4,test,100
1571,-0.5,100,50,2,0.01,110,test,100
1572,-0.5,100,50,3,0.01,210,test,100
1573,-0.5,100,50,2,0.01,67,test,100
1574,-0.5,100,50,5,0.01,335,test,100
1575,-0.5,100,50,0,0.01,0,test,100
1576,-0.5,100,100,0,0.01,0,train,100
1577,-0.5,100,100,2,0.01,144,train,100
1578,-0.5,100,100,3,0.01,174,train,100
1579,-0.5,100,100,3,0.01,174,train,100
1580,-0.5,100,100,0,0.01,0,train,100
1581,-0.5,100,100,0,0.01,0,train,100
1582,-0.5,100,100,1,0.01,3,train,100
1583,-0.5,100,100,3,0.01,174,train,100
1584,-0.5,100,100,2,0.01,110,train,100
1585,-0.5,100,100,0,0.01,0,train,100
1586,-0.5,100,100,1,0.01,42,train,100
1587,-0.5,100,100,0,0.01,0,train,100
1588,-0.5,100,100,2,0.01,80,train,100
1589,-0.5,100,100,3,0.01,174,train,100
1590,-0.5,100,100,3,0.01,174,train,100
1591,-0.5,100,100,2,0.01,116,train,100
1592,-0.5,100,100,2,0.01,230,train,100
1593,-0.5,100,100,0,0.01,0,train,100
1594,-0.5,100,100,3,0.01,174,train,100
1595,-0.5,100,100,0,0.01,0,train,100
1596,-0.5,100,100,3,0.01,174,train,100
1597,-0.5,100,100,0,0.01,0,train,100
1598,-0.5,100,100,1,0.01,37,train,100
1599,-0.5,100,100,0,0.01,0,train,100
1600,-0.5,100,100,0,0.01,0,train,100
1601,-0.5,100,100,3,0.01,174,train,100
1602,-0.5,100,100,2,0.01,174,train,100
1603,-0.5,100,100,0,0.01,0,train,100
1604,-0.5,100,100,0,0.01,0,train,100
1605,-0.5,100,100,3,0.01,174,train,100
1606,-0.5,100,100,3,0.01,210,train,100
1607,-0.5,100,100,3,0.01,174,train,100
1608,-0.5,100,100,0,0.01,0,train,100
1609,-0.5,100,100,3,0.01,174,train,100
1610,-0.5,100,100,3,0.01,141,train,100
1611,-0.5,100,100,0,0.01,0,train,100
1612,-0.5,100,100,3,0.01,174,train,100
1613,-0.5,100,100,0,0.01,0,train,100
1614,-0.5,100,100,0,0.01,0,train,100
1615,-0.5,100,100,3,0.01,174,train,100
1616,-0.5,100,100,3,0.01,244,train,100
1617,-0.5,100,100,3,0.01,174,train,100
1618,-0.5,100,100,2,0.01,174,train,100
1619,-0.5,100,100,3,0.01,174,train,100
1620,-0.5,100,100,1,0.01,41,train,100
1621,-0.5,100,100,3,0.01,174,train,100
1622,-0.5,100,100,3,0.01,174,train,100
1623,-0.5,100,100,3,0.01,174,train,100
1624,-0.5,100,100,3,0.01,174,train,100
1625,-0.5,100,100,0,0.01,0,train,100
1626,-0.5,100,100,0,0.01,0,train,100
1627,-0.5,100,100,0,0.01,0,train,100
1628,-0.5,100,100,3,0.01,174,train,100
1629,-0.5,100,100,0,0.01,0,train,100
1630,-0.5,100,100,3,0.01,174,train,100
1631,-0.5,100,100,0,0.01,0,train,100
1632,-0.5,100,100,0,0.01,0,train,100
1633,-0.5,100,100,1,0.01,86,train,100
1634,-0.5,100,100,3,0.01,174,train,100
1635,-0.5,100,100,0,0.01,0,train,100
1636,-0.5,100,100,3,0.01,174,train,100
1637,-0.5,100,100,0,0.01,0,train,100
1638,-0.5,100,100,3,0.01,174,train,100
1639,-0.5,100,100,3,0.01,174,train,100
1640,-0.5,100,100,2,0.01,68,train,100
1641,-0.5,100,100,0,0.01,0,train,100
1642,-0.5,100,100,2,0.01,106,train,100
1643,-0.5,100,100,3,0.01,174,train,100
1644,-0.5,100,100,0,0.01,0,train,100
1645,-0.5,100,100,0,0.01,0,train,100
1646,-0.5,100,100,3,0.01,174,train,100
1647,-0.5,100,100,3,0.01,174,train,100
1648,-0.5,100,100,3,0.01,244,train,100
1649,-0.5,100,100,3,0.01,174,train,100
1650,-0.5,100,100,0,0.01,0,train,100
1651,-0.5,100,100,2,0.01,174,train,100
1652,-0.5,100,100,0,0.01,0,train,100
1653,-0.5,100,100,3,0.01,174,train,100
1654,-0.5,100,100,0,0.01,0,train,100
1655,-0.5,100,100,0,0.01,0,train,100
1656,-0.5,100,100,3,0.01,174,train,100
1657,-0.5,100,100,1,0.01,19,train,100
1658,-0.5,100,100,0,0.01,0,train,100
1659,-0.5,100,100,0,0.01,0,train,100
1660,-0.5,100,100,0,0.01,0,train,100
1661,-0.5,100,100,3,0.01,174,train,100
1662,-0.5,100,100,2,0.01,116,train,100
1663,-0.5,100,100,0,0.01,0,train,100
1664,-0.5,100,100,0,0.01,0,train,100
1665,-0.5,100,100,0,0.01,0,train,100
1666,-0.5,100,100,3,0.01,174,train,100
1667,-0.5,100,100,3,0.01,174,train,100
1668,-0.5,100,100,2,0.01,82,train,100
1669,-0.5,100,100,0,0.01,0,train,100
1670,-0.5,100,100,0,0.01,0,train,100
1671,-0.5,100,100,0,0.01,0,train,100
1672,-0.5,100,100,0,0.01,0,train,100
1673,-0.5,100,100,0,0.01,0,train,100
1674,-0.5,100,100,0,0.01,0,train,100
1675,-0.5,100,100,2,0.01,67,train,100
1676,-0.5,100,100,3,0.01,174,test,100
1677,-0.5,100,100,1,0.01,42,test,100
1678,-0.5,100,100,1,0.01,1,test,100
1679,-0.5,100,100,0,0.01,0,test,100
1680,-0.5,100,100,0,0.01,0,test,100
1681,-0.5,100,100,3,0.01,244,test,100
1682,-0.5,100,100,2,0.01,81,test,100
1683,-0.5,100,100,1,0.01,16,test,100
1684,-0.5,100,100,2,0.01,283,test,100
1685,-0.5,100,100,3,0.01,174,test,100
1686,-0.5,100,100,3,0.01,174,test,100
1687,-0.5,100,100,3,0.01,174,test,100
1688,-0.5,100,100,1,0.01,16,test,100
1689,-0.5,100,100,0,0.01,0,test,100
1690,-0.5,100,100,3,0.01,174,test,100
1691,-0.5,100,100,3,0.01,174,test,100
1692,-0.5,100,100,3,0.01,174,test,100
1693,-0.5,100,100,3,0.01,174,test,100
1694,-0.5,100,100,2,0.01,174,test,100
1695,-0.5,100,100,3,0.01,174,test,100
1696,-0.5,100,100,4,0.01,244,test,100
1697,-0.5,100,100,3,0.01,174,test,100
1698,-0.5,100,100,0,0.01,0,test,100
1699,-0.5,100,100,3,0.01,174,test,100
1700,-0.5,100,100,3,0.01,174,test,100
1701,-0.5,100,100,3,0.01,130,test,100
1702,-0.5,100,100,2,0.01,33,test,100
1703,-0.5,100,100,5,0.01,244,test,100
1704,-0.5,100,100,1,0.01,228,test,100
1705,-0.5,100,100,1,0.01,61,test,100
1706,-0.5,100,100,5,0.01,235,test,100
1707,-0.5,100,100,3,0.01,174,test,100
1708,-0.5,100,100,2,0.01,213,test,100
1709,-0.5,100,100,1,0.01,19,test,100
1710,-0.5,100,100,3,0.01,174,test,100
1711,-0.5,100,100,0,0.01,0,test,100
1712,-0.5,100,100,1,0.01,25,test,100
1713,-0.5,100,100,3,0.01,174,test,100
1714,-0.5,100,100,3,0.01,412,test,100
1715,-0.5,100,100,0,0.01,0,test,100
1716,-0.5,100,100,4,0.01,244,test,100
1717,-0.5,100,100,3,0.01,174,test,100
1718,-0.5,100,100,1,0.01,13,test,100
1719,-0.5,100,100,3,0.01,174,test,100
1720,-0.5,100,100,0,0.01,0,test,100
1721,-0.5,100,100,1,0.01,37,test,100
1722,-0.5,100,100,3,0.01,90,test,100
1723,-0.5,100,100,0,0.01,0,test,100
1724,-0.5,100,100,3,0.01,174,test,100
1725,-0.5,100,100,4,0.01,103,test,100
1726,-0.5,100,100,1,0.01,36,test,100
1727,-0.5,100,100,1,0.01,60,test,100
1728,-0.5,100,100,4,0.01,106,test,100
1729,-0.5,100,100,3,0.01,174,test,100
1730,-0.5,100,100,0,0.01,0,test,100
1731,-0.5,100,100,3,0.01,174,test,100
1732,-0.5,100,100,2,0.01,88,test,100
1733,-0.5,100,100,3,0.01,335,test,100
1734,-0.5,100,100,3,0.01,174,test,100
1735,-0.5,100,100,0,0.01,0,test,100
1736,-0.5,100,100,3,0.01,174,test,100
1737,-0.5,100,100,0,0.01,0,test,100
1738,-0.5,100,100,3,0.01,174,test,100
1739,-0.5,100,100,4,0.01,291,test,100
1740,-0.5,100,100,2,0.01,106,test,100
1741,-0.5,100,100,1,0.01,17,test,100
1742,-0.5,100,100,1,0.01,37,test,100
1743,-0.5,100,100,3,0.01,244,test,100
1744,-0.5,100,100,3,0.01,291,test,100
1745,-0.5,100,100,1,0.01,19,test,100
1746,-0.5,100,100,3,0.01,174,test,100
1747,-0.5,100,100,1,0.01,19,test,100
1748,-0.5,100,100,0,0.01,0,test,100
1749,-0.5,100,100,1,0.01,16,test,100
1750,-0.5,100,100,3,0.01,174,test,100
1751,-0.5,100,100,2,0.01,132,test,100
1752,-0.5,100,100,3,0.01,174,test,100
1753,-0.5,100,100,2,0.01,80,test,100
1754,-0.5,100,100,3,0.01,112,test,100
1755,-0.5,100,100,2,0.01,24,test,100
1756,-0.5,100,100,1,0.01,141,test,100
1757,-0.5,100,100,1,0.01,58,test,100
1758,-0.5,100,100,6,0.01,244,test,100
1759,-0.5,100,100,1,0.01,10,test,100
1760,-0.5,100,100,0,0.01,0,test,100
1761,-0.5,100,100,3,0.01,174,test,100
1762,-0.5,100,100,1,0.01,82,test,100
1763,-0.5,100,100,2,0.01,230,test,100
1764,-0.5,100,100,0,0.01,0,test,100
1765,-0.5,100,100,4,0.01,228,test,100
1766,-0.5,100,100,0,0.01,0,test,100
1767,-0.5,100,100,0,0.01,0,test,100
1768,-0.5,100,100,0,0.01,0,test,100
1769,-0.5,100,100,0,0.01,0,test,100
1770,-0.5,100,100,3,0.01,174,test,100
1771,-0.5,100,100,1,0.01,39,test,100
1772,-0.5,100,100,1,0.01,82,test,100
1773,-0.5,100,100,1,0.01,4,test,100
1774,-0.5,100,100,3,0.01,174,test,100
1775,-9.5,100,5,0,0.1,0,train,100
1776,-9.5,100,5,0,0.1,0,train,100
1777,-9.5,100,5,16,0.1,597,train,100
1778,-9.5,100,5,18,0.1,283,train,100
1779,-9.5,100,5,0,0.1,0,train,100
1780,-9.5,100,5,4,0.1,165,test,100
1781,-9.5,100,5,1,0.1,3,test,100
1782,-9.5,100,5,21,0.1,353,test,100
1783,-9.5,100,5,5,0.1,231,test,100
1784,-9.5,100,10,0,0.1,0,train,100
1785,-9.5,100,10,0,0.1,0,train,100
1786,-9.5,100,10,16,0.1,597,train,100
1787,-9.5,100,10,18,0.1,283,train,100
1788,-9.5,100,10,0,0.1,0,train,100
1789,-9.5,100,10,1,0.1,228,train,100
1790,-9.5,100,10,5,0.1,112,train,100
1791,-9.5,100,10,1,0.1,3,train,100
1792,-9.5,100,10,19,0.1,524,train,100
1793,-9.5,100,10,0,0.1,0,train,100
1794,-9.5,100,10,22,0.1,568,test,100
1795,-9.5,100,10,19,0.1,411,test,100
1796,-9.5,100,10,21,0.1,597,test,100
1797,-9.5,100,10,23,0.1,283,test,100
1798,-9.5,100,10,19,0.1,244,test,100
1799,-9.5,100,10,18,0.1,283,test,100
1800,-9.5,100,10,23,0.1,335,test,100
1801,-9.5,100,10,21,0.1,234,test,100
1802,-9.5,100,10,19,0.1,301,test,100
1803,-9.5,100,15,0,0.1,0,train,100
1804,-9.5,100,15,0,0.1,0,train,100
1805,-9.5,100,15,18,0.1,597,train,100
1806,-9.5,100,15,20,0.1,486,train,100
1807,-9.5,100,15,0,0.1,0,train,100
1808,-9.5,100,15,3,0.1,349,train,100
1809,-9.5,100,15,15,0.1,454,train,100
1810,-9.5,100,15,19,0.1,535,train,100
1811,-9.5,100,15,19,0.1,524,train,100
1812,-9.5,100,15,0,0.1,0,train,100
1813,-9.5,100,15,0,0.1,0,train,100
1814,-9.5,100,15,0,0.1,0,train,100
1815,-9.5,100,15,19,0.1,565,train,100
1816,-9.5,100,15,2,0.1,211,train,100
1817,-9.5,100,15,0,0.1,0,train,100
1818,-9.5,100,15,21,0.1,452,test,100
1819,-9.5,100,15,22,0.1,503,test,100
1820,-9.5,100,15,21,0.1,234,test,100
1821,-9.5,100,15,21,0.1,230,test,100
1822,-9.5,100,15,18,0.1,244,test,100
1823,-9.5,100,15,19,0.1,623,test,100
1824,-9.5,100,15,21,0.1,1022,test,100
1825,-9.5,100,15,18,0.1,597,test,100
1826,-9.5,100,15,24,0.1,597,test,100
1827,-9.5,100,15,17,0.1,411,test,100
1828,-9.5,100,15,16,0.1,411,test,100
1829,-9.5,100,15,18,0.1,324,test,100
1830,-9.5,100,15,24,0.1,362,test,100
1831,-9.5,100,15,19,0.1,597,test,100
1832,-9.5,100,50,0,0.1,0,train,100
1833,-9.5,100,50,1,0.1,29,train,100
1834,-9.5,100,50,15,0.1,652,train,100
1835,-9.5,100,50,21,0.1,1335,train,100
1836,-9.5,100,50,0,0.1,0,train,100
1837,-9.5,100,50,5,0.1,324,train,100
1838,-9.5,100,50,24,0.1,739,train,100
1839,-9.5,100,50,19,0.1,784,train,100
1840,-9.5,100,50,12,0.1,524,train,100
1841,-9.5,100,50,5,0.1,263,train,100
1842,-9.5,100,50,20,0.1,535,train,100
1843,-9.5,100,50,0,0.1,0,train,100
1844,-9.5,100,50,20,0.1,1348,train,100
1845,-9.5,100,50,17,0.1,1371,train,100
1846,-9.5,100,50,21,0.1,950,train,100
1847,-9.5,100,50,17,0.1,535,train,100
1848,-9.5,100,50,22,0.1,339,train,100
1849,-9.5,100,50,4,0.1,429,train,100
1850,-9.5,100,50,20,0.1,597,train,100
1851,-9.5,100,50,19,0.1,461,train,100
1852,-9.5,100,50,17,0.1,1347,train,100
1853,-9.5,100,50,11,0.1,511,train,100
1854,-9.5,100,50,14,0.1,282,train,100
1855,-9.5,100,50,19,0.1,592,train,100
1856,-9.5,100,50,0,0.1,0,train,100
1857,-9.5,100,50,18,0.1,1174,train,100
1858,-9.5,100,50,23,0.1,1045,train,100
1859,-9.5,100,50,5,0.1,76,train,100
1860,-9.5,100,50,0,0.1,0,train,100
1861,-9.5,100,50,15,0.1,440,train,100
1862,-9.5,100,50,20,0.1,1428,train,100
1863,-9.5,100,50,1,0.1,12,train,100
1864,-9.5,100,50,26,0.1,2105,train,100
1865,-9.5,100,50,21,0.1,470,train,100
1866,-9.5,100,50,10,0.1,312,train,100
1867,-9.5,100,50,14,0.1,597,train,100
1868,-9.5,100,50,18,0.1,535,train,100
1869,-9.5,100,50,1,0.1,141,train,100
1870,-9.5,100,50,17,0.1,826,train,100
1871,-9.5,100,50,16,0.1,966,train,100
1872,-9.5,100,50,22,0.1,495,train,100
1873,-9.5,100,50,16,0.1,450,train,100
1874,-9.5,100,50,3,0.1,9,train,100
1875,-9.5,100,50,0,0.1,0,train,100
1876,-9.5,100,50,11,0.1,412,train,100
1877,-9.5,100,50,3,0.1,95,train,100
1878,-9.5,100,50,18,0.1,568,train,100
1879,-9.5,100,50,0,0.1,0,train,100
1880,-9.5,100,50,17,0.1,682,train,100
1881,-9.5,100,50,14,0.1,358,train,100
1882,-9.5,100,50,22,0.1,282,test,100
1883,-9.5,100,50,22,0.1,1647,test,100
1884,-9.5,100,50,19,0.1,978,test,100
1885,-9.5,100,50,20,0.1,464,test,100
1886,-9.5,100,50,22,0.1,394,test,100
1887,-9.5,100,50,23,0.1,277,test,100
1888,-9.5,100,50,24,0.1,201,test,100
1889,-9.5,100,50,16,0.1,935,test,100
1890,-9.5,100,50,21,0.1,704,test,100
1891,-9.5,100,50,19,0.1,652,test,100
1892,-9.5,100,50,26,0.1,910,test,100
1893,-9.5,100,50,23,0.1,328,test,100
1894,-9.5,100,50,17,0.1,782,test,100
1895,-9.5,100,50,20,0.1,357,test,100
1896,-9.5,100,50,25,0.1,1647,test,100
1897,-9.5,100,50,25,0.1,1783,test,100
1898,-9.5,100,50,21,0.1,461,test,100
1899,-9.5,100,50,21,0.1,597,test,100
1900,-9.5,100,50,21,0.1,827,test,100
1901,-9.5,100,50,17,0.1,251,test,100
1902,-9.5,100,50,15,0.1,1058,test,100
1903,-9.5,100,50,24,0.1,535,test,100
1904,-9.5,100,50,22,0.1,328,test,100
1905,-9.5,100,50,19,0.1,486,test,100
1906,-9.5,100,50,20,0.1,739,test,100
1907,-9.5,100,50,20,0.1,535,test,100
1908,-9.5,100,50,17,0.1,652,test,100
1909,-9.5,100,50,26,0.1,984,test,100
1910,-9.5,100,50,20,0.1,461,test,100
1911,-9.5,100,50,17,0.1,535,test,100
1912,-9.5,100,50,17,0.1,1276,test,100
1913,-9.5,100,50,24,0.1,479,test,100
1914,-9.5,100,50,23,0.1,460,test,100
1915,-9.5,100,50,28,0.1,1052,test,100
1916,-9.5,100,50,17,0.1,1023,test,100
1917,-9.5,100,50,18,0.1,1023,test,100
1918,-9.5,100,50,22,0.1,354,test,100
1919,-9.5,100,50,19,0.1,389,test,100
1920,-9.5,100,50,22,0.1,1058,test,100
1921,-9.5,100,50,24,0.1,524,test,100
1922,-9.5,100,50,20,0.1,413,test,100
1923,-9.5,100,50,20,0.1,652,test,100
1924,-9.5,100,50,17,0.1,581,test,100
1925,-9.5,100,50,18,0.1,283,test,100
1926,-9.5,100,50,21,0.1,739,test,100
1927,-9.5,100,50,24,0.1,453,test,100
1928,-9.5,100,50,22,0.1,1311,test,100
1929,-9.5,100,50,21,0.1,535,test,100
1930,-9.5,100,50,21,0.1,261,test,100
1931,-9.5,100,100,14,0.1,388,train,100
1932,-9.5,100,100,4,0.1,288,train,100
1933,-9.5,100,100,23,0.1,1271,train,100
1934,-9.5,100,100,24,0.1,1995,train,100
1935,-9.5,100,100,0,0.1,0,train,100
1936,-9.5,100,100,19,0.1,411,train,100
1937,-9.5,100,100,22,0.1,614,train,100
1938,-9.5,100,100,23,0.1,647,train,100
1939,-9.5,100,100,11,0.1,562,train,100
1940,-9.5,100,100,22,0.1,1727,train,100
1941,-9.5,100,100,23,0.1,989,train,100
1942,-9.5,100,100,0,0.1,0,train,100
1943,-9.5,100,100,19,0.1,412,train,100
1944,-9.5,100,100,21,0.1,597,train,100
1945,-9.5,100,100,25,0.1,989,train,100
1946,-9.5,100,100,21,0.1,828,train,100
1947,-9.5,100,100,17,0.1,657,train,100
1948,-9.5,100,100,3,0.1,108,train,100
1949,-9.5,100,100,25,0.1,300,train,100
1950,-9.5,100,100,19,0.1,989,train,100
1951,-9.5,100,100,17,0.1,452,train,100
1952,-9.5,100,100,24,0.1,1144,train,100
1953,-9.5,100,100,14,0.1,328,train,100
1954,-9.5,100,100,10,0.1,925,train,100
1955,-9.5,100,100,4,0.1,262,train,100
1956,-9.5,100,100,20,0.1,2415,train,100
1957,-9.5,100,100,22,0.1,550,train,100
1958,-9.5,100,100,29,0.1,960,train,100
1959,-9.5,100,100,1,0.1,141,train,100
1960,-9.5,100,100,20,0.1,1266,train,100
1961,-9.5,100,100,21,0.1,942,train,100
1962,-9.5,100,100,18,0.1,657,train,100
1963,-9.5,100,100,22,0.1,1778,train,100
1964,-9.5,100,100,25,0.1,926,train,100
1965,-9.5,100,100,22,0.1,1348,train,100
1966,-9.5,100,100,11,0.1,633,train,100
1967,-9.5,100,100,23,0.1,989,train,100
1968,-9.5,100,100,3,0.1,103,train,100
1969,-9.5,100,100,24,0.1,640,train,100
1970,-9.5,100,100,22,0.1,491,train,100
1971,-9.5,100,100,24,0.1,684,train,100
1972,-9.5,100,100,26,0.1,484,train,100
1973,-9.5,100,100,14,0.1,909,train,100
1974,-9.5,100,100,12,0.1,436,train,100
1975,-9.5,100,100,24,0.1,1545,train,100
1976,-9.5,100,100,1,0.1,18,train,100
1977,-9.5,100,100,20,0.1,521,train,100
1978,-9.5,100,100,13,0.1,328,train,100
1979,-9.5,100,100,18,0.1,579,train,100
1980,-9.5,100,100,18,0.1,358,train,100
1981,-9.5,100,100,26,0.1,1228,train,100
1982,-9.5,100,100,17,0.1,591,train,100
1983,-9.5,100,100,18,0.1,533,train,100
1984,-9.5,100,100,18,0.1,619,train,100
1985,-9.5,100,100,23,0.1,828,train,100
1986,-9.5,100,100,10,0.1,597,train,100
1987,-9.5,100,100,19,0.1,550,train,100
1988,-9.5,100,100,19,0.1,411,train,100
1989,-9.5,100,100,19,0.1,926,train,100
1990,-9.5,100,100,20,0.1,926,train,100
1991,-9.5,100,100,19,0.1,619,train,100
1992,-9.5,100,100,26,0.1,1417,train,100
1993,-9.5,100,100,18,0.1,645,train,100
1994,-9.5,100,100,22,0.1,1478,train,100
1995,-9.5,100,100,20,0.1,1266,train,100
1996,-9.5,100,100,18,0.1,645,train,100
1997,-9.5,100,100,19,0.1,328,train,100
1998,-9.5,100,100,21,0.1,949,train,100
1999,-9.5,100,100,23,0.1,619,train,100
2000,-9.5,100,100,17,0.1,782,train,100
2001,-9.5,100,100,25,0.1,989,train,100
2002,-9.5,100,100,16,0.1,645,train,100
2003,-9.5,100,100,25,0.1,1428,train,100
2004,-9.5,100,100,21,0.1,458,train,100
2005,-9.5,100,100,23,0.1,1417,train,100
2006,-9.5,100,100,19,0.1,740,train,100
2007,-9.5,100,100,19,0.1,379,train,100
2008,-9.5,100,100,18,0.1,989,train,100
2009,-9.5,100,100,27,0.1,763,train,100
2010,-9.5,100,100,18,0.1,1073,train,100
2011,-9.5,100,100,19,0.1,379,train,100
2012,-9.5,100,100,20,0.1,989,train,100
2013,-9.5,100,100,26,0.1,1228,train,100
2014,-9.5,100,100,20,0.1,1309,train,100
2015,-9.5,100,100,9,0.1,285,train,100
2016,-9.5,100,100,20,0.1,989,train,100
2017,-9.5,100,100,16,0.1,597,train,100
2018,-9.5,100,100,19,0.1,1778,train,100
2019,-9.5,100,100,17,0.1,1133,train,100
2020,-9.5,100,100,19,0.1,1652,train,100
2021,-9.5,100,100,26,0.1,1889,train,100
2022,-9.5,100,100,15,0.1,1098,train,100
2023,-9.5,100,100,13,0.1,815,train,100
2024,-9.5,100,100,22,0.1,1318,train,100
2025,-9.5,100,100,22,0.1,597,train,100
2026,-9.5,100,100,21,0.1,989,train,100
2027,-9.5,100,100,18,0.1,414,train,100
2028,-9.5,100,100,7,0.1,581,train,100
2029,-9.5,100,100,19,0.1,328,train,100
2030,-9.5,100,100,5,0.1,425,train,100
2031,-9.5,100,100,21,0.1,379,test,100
2032,-9.5,100,100,20,0.1,614,test,100
2033,-9.5,100,100,23,0.1,379,test,100
2034,-9.5,100,100,22,0.1,619,test,100
2035,-9.5,100,100,24,0.1,1225,test,100
2036,-9.5,100,100,27,0.1,1228,test,100
2037,-9.5,100,100,22,0.1,1266,test,100
2038,-9.5,100,100,24,0.1,828,test,100
2039,-9.5,100,100,22,0.1,509,test,100
2040,-9.5,100,100,20,0.1,942,test,100
2041,-9.5,100,100,23,0.1,1417,test,100
2042,-9.5,100,100,21,0.1,942,test,100
2043,-9.5,100,100,28,0.1,1331,test,100
2044,-9.5,100,100,22,0.1,1543,test,100
2045,-9.5,100,100,23,0.1,1478,test,100
2046,-9.5,100,100,23,0.1,1058,test,100
2047,-9.5,100,100,14,0.1,353,test,100
2048,-9.5,100,100,19,0.1,426,test,100
2049,-9.5,100,100,18,0.1,1125,test,100
2050,-9.5,100,100,23,0.1,1072,test,100
2051,-9.5,100,100,16,0.1,520,test,100
2052,-9.5,100,100,25,0.1,926,test,100
2053,-9.5,100,100,28,0.1,989,test,100
2054,-9.5,100,100,19,0.1,519,test,100
2055,-9.5,100,100,23,0.1,939,test,100
2056,-9.5,100,100,22,0.1,458,test,100
2057,-9.5,100,100,24,0.1,619,test,100
2058,-9.5,100,100,17,0.1,763,test,100
2059,-9.5,100,100,23,0.1,929,test,100
2060,-9.5,100,100,24,0.1,1023,test,100
2061,-9.5,100,100,24,0.1,1348,test,100
2062,-9.5,100,100,29,0.1,1572,test,100
2063,-9.5,100,100,21,0.1,1455,test,100
2064,-9.5,100,100,18,0.1,399,test,100
2065,-9.5,100,100,22,0.1,989,test,100
2066,-9.5,100,100,23,0.1,436,test,100
2067,-9.5,100,100,24,0.1,1271,test,100
2068,-9.5,100,100,14,0.1,324,test,100
2069,-9.5,100,100,22,0.1,647,test,100
2070,-9.5,100,100,21,0.1,377,test,100
2071,-9.5,100,100,20,0.1,653,test,100
2072,-9.5,100,100,27,0.1,647,test,100
2073,-9.5,100,100,20,0.1,989,test,100
2074,-9.5,100,100,27,0.1,1172,test,100
2075,-9.5,100,100,20,0.1,1478,test,100
2076,-9.5,100,100,22,0.1,657,test,100
2077,-9.5,100,100,21,0.1,1309,test,100
2078,-9.5,100,100,21,0.1,929,test,100
2079,-9.5,100,100,18,0.1,1309,test,100
2080,-9.5,100,100,22,0.1,647,test,100
2081,-9.5,100,100,22,0.1,827,test,100
2082,-9.5,100,100,24,0.1,1572,test,100
2083,-9.5,100,100,31,0.1,897,test,100
2084,-9.5,100,100,25,0.1,926,test,100
2085,-9.5,100,100,24,0.1,989,test,100
2086,-9.5,100,100,25,0.1,1266,test,100
2087,-9.5,100,100,25,0.1,328,test,100
2088,-9.5,100,100,18,0.1,458,test,100
2089,-9.5,100,100,20,0.1,484,test,100
2090,-9.5,100,100,17,0.1,720,test,100
2091,-9.5,100,100,22,0.1,953,test,100
2092,-9.5,100,100,27,0.1,1165,test,100
2093,-9.5,100,100,20,0.1,1309,test,100
2094,-9.5,100,100,26,0.1,938,test,100
2095,-9.5,100,100,26,0.1,436,test,100
2096,-9.5,100,100,22,0.1,509,test,100
2097,-9.5,100,100,23,0.1,680,test,100
2098,-9.5,100,100,24,0.1,815,test,100
2099,-9.5,100,100,22,0.1,944,test,100
2100,-9.5,100,100,23,0.1,989,test,100
2101,-9.5,100,100,27,0.1,657,test,100
2102,-9.5,100,100,33,0.1,1406,test,100
2103,-9.5,100,100,22,0.1,1057,test,100
2104,-9.5,100,100,23,0.1,581,test,100
2105,-9.5,100,100,23,0.1,1417,test,100
2106,-9.5,100,100,26,0.1,782,test,100
2107,-9.5,100,100,27,0.1,1417,test,100
2108,-9.5,100,100,30,0.1,926,test,100
2109,-9.5,100,100,26,0.1,1889,test,100
2110,-9.5,100,100,22,0.1,926,test,100
2111,-9.5,100,100,21,0.1,619,test,100
2112,-9.5,100,100,30,0.1,1417,test,100
2113,-9.5,100,100,21,0.1,828,test,100
2114,-9.5,100,100,27,0.1,926,test,100
2115,-9.5,100,100,24,0.1,897,test,100
2116,-9.5,100,100,26,0.1,1543,test,100
2117,-9.5,100,100,33,0.1,1220,test,100
2118,-9.5,100,100,26,0.1,989,test,100
2119,-9.5,100,100,23,0.1,1235,test,100
2120,-9.5,100,100,23,0.1,525,test,100
2121,-9.5,100,100,24,0.1,989,test,100
2122,-9.5,100,100,19,0.1,647,test,100
2123,-9.5,100,100,22,0.1,827,test,100
2124,-9.5,100,100,29,0.1,640,test,100
2125,-9.5,100,100,28,0.1,655,test,100
2126,-9.5,100,100,29,0.1,1155,test,100
2127,-9.5,100,100,27,0.1,1046,test,100
2128,-9.5,100,100,20,0.1,926,test,100
2129,-9.5,100,100,23,0.1,926,test,100
