,k,m,U,TPR,FPR
0,2,2,1.0,,0.5
1,2,3,1.0,,0.5
2,2,4,1.0,,0.5
3,2,5,1.0,,0.5
4,2,6,1.0,,0.5
5,2,7,1.0,,0.5
6,2,8,1.0,,0.5
7,2,9,1.0,,0.5
8,2,10,1.0,,0.5
9,3,2,1.0,,0.5
10,3,3,1.0,,0.5
11,3,4,1.0,,0.5
12,3,5,1.0,,0.5
13,3,6,1.0,,0.5
14,3,7,1.0,,0.5
15,3,8,1.0,,0.5
16,3,9,1.0,,0.5
17,3,10,1.0,,0.5
18,4,2,1.0,,0.5
19,4,3,1.0,,0.5
20,4,4,1.0,,0.5
21,4,5,1.0,,0.5
22,4,6,1.0,,0.5
23,4,7,1.0,,0.5
24,4,8,1.0,,0.5
25,4,9,1.0,,0.5
26,4,10,1.0,,0.5
27,5,2,1.0,,0.5
28,5,3,1.0,,0.5
29,5,4,1.0,,0.5
30,5,5,1.0,,0.5
31,5,6,1.0,,0.5
32,5,7,1.0,,0.5
33,5,8,1.0,,0.5
34,5,9,1.0,,0.5
35,5,10,1.0,,0.5
36,6,2,1.0,,0.5
37,6,3,1.0,,0.5
38,6,4,1.0,,0.5
39,6,5,1.0,,0.5
40,6,6,1.0,,0.5
41,6,7,1.0,,0.5
42,6,8,1.0,,0.5
43,6,9,1.0,,0.5
44,6,10,1.0,,0.5
45,7,2,1.0,,0.5
46,7,3,1.0,,0.5
47,7,4,1.0,,0.5
48,7,5,1.0,,0.5
49,7,6,1.0,,0.5
50,7,7,1.0,,0.5
51,7,8,1.0,,0.5
52,7,9,1.0,,0.5
53,7,10,1.0,,0.5
54,8,2,1.0,,0.5
55,8,3,1.0,,0.5
56,8,4,1.0,,0.5
57,8,5,1.0,,0.5
58,8,6,1.0,,0.5
59,8,7,1.0,,0.5
60,8,8,1.0,,0.5
61,8,9,1.0,,0.5
62,8,10,1.0,,0.5
63,9,2,1.0,,0.5
64,9,3,1.0,,0.5
65,9,4,1.0,,0.5
66,9,5,1.0,,0.5
67,9,6,1.0,,0.5
68,9,7,1.0,,0.5
69,9,8,1.0,,0.5
70,9,9,1.0,,0.5
71,9,10,1.0,,0.5
72,10,2,1.0,,0.5
73,10,3,1.0,,0.5
74,10,4,1.0,,0.5
75,10,5,1.0,,0.5
76,10,6,1.0,,0.5
77,10,7,1.0,,0.5
78,10,8,1.0,,0.5
79,10,9,1.0,,0.5
80,10,10,1.0,,0.5
81,2,2,1.6237767391887217,,0.5
82,2,3,1.6237767391887217,,0.5
83,2,4,1.6237767391887217,,0.5
84,2,5,1.6237767391887217,,0.5
85,2,6,1.6237767391887217,,0.5
86,2,7,1.6237767391887217,,0.5
87,2,8,1.6237767391887217,,0.5
88,2,9,1.6237767391887217,,0.5
89,2,10,1.6237767391887217,,0.5
90,3,2,1.6237767391887217,,0.5
91,3,3,1.6237767391887217,,0.5
92,3,4,1.6237767391887217,,0.5
93,3,5,1.6237767391887217,,0.5
94,3,6,1.6237767391887217,,0.5
95,3,7,1.6237767391887217,,0.5
96,3,8,1.6237767391887217,,0.5
97,3,9,1.6237767391887217,,0.5
98,3,10,1.6237767391887217,,0.5
99,4,2,1.6237767391887217,,0.5
100,4,3,1.6237767391887217,,0.5
101,4,4,1.6237767391887217,,0.5
102,4,5,1.6237767391887217,,0.5
103,4,6,1.6237767391887217,,0.5
104,4,7,1.6237767391887217,,0.5
105,4,8,1.6237767391887217,,0.5
106,4,9,1.6237767391887217,,0.5
107,4,10,1.6237767391887217,,0.5
108,5,2,1.6237767391887217,,0.5
109,5,3,1.6237767391887217,,0.5
110,5,4,1.6237767391887217,,0.5
111,5,5,1.6237767391887217,,0.5
112,5,6,1.6237767391887217,,0.5
113,5,7,1.6237767391887217,,0.5
114,5,8,1.6237767391887217,,0.5
115,5,9,1.6237767391887217,,0.5
116,5,10,1.6237767391887217,,0.5
117,6,2,1.6237767391887217,,0.5
118,6,3,1.6237767391887217,,0.5
119,6,4,1.6237767391887217,,0.5
120,6,5,1.6237767391887217,,0.5
121,6,6,1.6237767391887217,,0.5
122,6,7,1.6237767391887217,,0.5
123,6,8,1.6237767391887217,,0.5
124,6,9,1.6237767391887217,,0.5
125,6,10,1.6237767391887217,,0.5
126,7,2,1.6237767391887217,,0.5
127,7,3,1.6237767391887217,,0.5
128,7,4,1.6237767391887217,,0.5
129,7,5,1.6237767391887217,,0.5
130,7,6,1.6237767391887217,,0.5
131,7,7,1.6237767391887217,,0.5
132,7,8,1.6237767391887217,,0.5
133,7,9,1.6237767391887217,,0.5
134,7,10,1.6237767391887217,,0.5
135,8,2,1.6237767391887217,,0.5
136,8,3,1.6237767391887217,,0.5
137,8,4,1.6237767391887217,,0.5
138,8,5,1.6237767391887217,,0.5
139,8,6,1.6237767391887217,,0.5
140,8,7,1.6237767391887217,,0.5
141,8,8,1.6237767391887217,,0.5
142,8,9,1.6237767391887217,,0.5
143,8,10,1.6237767391887217,,0.5
144,9,2,1.6237767391887217,,0.5
145,9,3,1.6237767391887217,,0.5
146,9,4,1.6237767391887217,,0.5
147,9,5,1.6237767391887217,,0.5
148,9,6,1.6237767391887217,,0.5
149,9,7,1.6237767391887217,,0.5
150,9,8,1.6237767391887217,,0.5
151,9,9,1.6237767391887217,,0.5
152,9,10,1.6237767391887217,,0.5
153,10,2,1.6237767391887217,,0.5
154,10,3,1.6237767391887217,,0.5
155,10,4,1.6237767391887217,,0.5
156,10,5,1.6237767391887217,,0.5
157,10,6,1.6237767391887217,,0.5
158,10,7,1.6237767391887217,,0.5
159,10,8,1.6237767391887217,,0.5
160,10,9,1.6237767391887217,,0.5
161,10,10,1.6237767391887217,,0.5
162,2,2,2.636650898730358,,0.5
163,2,3,2.636650898730358,,0.5
164,2,4,2.636650898730358,,0.5
165,2,5,2.636650898730358,,0.5
166,2,6,2.636650898730358,,0.5
167,2,7,2.636650898730358,,0.5
168,2,8,2.636650898730358,,0.5
169,2,9,2.636650898730358,,0.5
170,2,10,2.636650898730358,,0.5
171,3,2,2.636650898730358,,0.5
172,3,3,2.636650898730358,,0.5
173,3,4,2.636650898730358,,0.5
174,3,5,2.636650898730358,,0.5
175,3,6,2.636650898730358,,0.5
176,3,7,2.636650898730358,,0.5
177,3,8,2.636650898730358,,0.5
178,3,9,2.636650898730358,,0.5
179,3,10,2.636650898730358,,0.5
180,4,2,2.636650898730358,,0.5
181,4,3,2.636650898730358,,0.5
182,4,4,2.636650898730358,,0.5
183,4,5,2.636650898730358,,0.5
184,4,6,2.636650898730358,,0.5
185,4,7,2.636650898730358,,0.5
186,4,8,2.636650898730358,,0.5
187,4,9,2.636650898730358,,0.5
188,4,10,2.636650898730358,,0.5
189,5,2,2.636650898730358,,0.5
190,5,3,2.636650898730358,,0.5
191,5,4,2.636650898730358,,0.5
192,5,5,2.636650898730358,,0.5
193,5,6,2.636650898730358,,0.5
194,5,7,2.636650898730358,,0.5
195,5,8,2.636650898730358,,0.5
196,5,9,2.636650898730358,,0.5
197,5,10,2.636650898730358,,0.5
198,6,2,2.636650898730358,,0.5
199,6,3,2.636650898730358,,0.5
200,6,4,2.636650898730358,,0.5
201,6,5,2.636650898730358,,0.5
202,6,6,2.636650898730358,,0.5
203,6,7,2.636650898730358,,0.5
204,6,8,2.636650898730358,,0.5
205,6,9,2.636650898730358,,0.5
206,6,10,2.636650898730358,,0.5
207,7,2,2.636650898730358,,0.5
208,7,3,2.636650898730358,,0.5
209,7,4,2.636650898730358,,0.5
210,7,5,2.636650898730358,,0.5
211,7,6,2.636650898730358,,0.5
212,7,7,2.636650898730358,,0.5
213,7,8,2.636650898730358,,0.5
214,7,9,2.636650898730358,,0.5
215,7,10,2.636650898730358,,0.5
216,8,2,2.636650898730358,,0.5
217,8,3,2.636650898730358,,0.5
218,8,4,2.636650898730358,,0.5
219,8,5,2.636650898730358,,0.5
220,8,6,2.636650898730358,,0.5
221,8,7,2.636650898730358,,0.5
222,8,8,2.636650898730358,,0.5
223,8,9,2.636650898730358,,0.5
224,8,10,2.636650898730358,,0.5
225,9,2,2.636650898730358,,0.5
226,9,3,2.636650898730358,,0.5
227,9,4,2.636650898730358,,0.5
228,9,5,2.636650898730358,,0.5
229,9,6,2.636650898730358,,0.5
230,9,7,2.636650898730358,,0.5
231,9,8,2.636650898730358,,0.5
232,9,9,2.636650898730358,,0.5
233,9,10,2.636650898730358,,0.5
234,10,2,2.636650898730358,,0.5
235,10,3,2.636650898730358,,0.5
236,10,4,2.636650898730358,,0.5
237,10,5,2.636650898730358,,0.5
238,10,6,2.636650898730358,,0.5
239,10,7,2.636650898730358,,0.5
240,10,8,2.636650898730358,,0.5
241,10,9,2.636650898730358,,0.5
242,10,10,2.636650898730358,,0.5
243,2,2,4.281332398719393,,0.5
244,2,3,4.281332398719393,,0.5
245,2,4,4.281332398719393,,0.5
246,2,5,4.281332398719393,,0.5
247,2,6,4.281332398719393,,0.5
248,2,7,4.281332398719393,,0.5
249,2,8,4.281332398719393,,0.5
250,2,9,4.281332398719393,,0.5
251,2,10,4.281332398719393,,0.5
252,3,2,4.281332398719393,,0.5
253,3,3,4.281332398719393,,0.5
254,3,4,4.281332398719393,,0.5
255,3,5,4.281332398719393,,0.5
256,3,6,4.281332398719393,,0.5
257,3,7,4.281332398719393,,0.5
258,3,8,4.281332398719393,,0.5
259,3,9,4.281332398719393,,0.5
260,3,10,4.281332398719393,,0.5
261,4,2,4.281332398719393,,0.5
262,4,3,4.281332398719393,,0.5
263,4,4,4.281332398719393,,0.5
264,4,5,4.281332398719393,,0.5
265,4,6,4.281332398719393,,0.5
266,4,7,4.281332398719393,,0.5
267,4,8,4.281332398719393,,0.5
268,4,9,4.281332398719393,,0.5
269,4,10,4.281332398719393,,0.5
270,5,2,4.281332398719393,,0.5
271,5,3,4.281332398719393,,0.5
272,5,4,4.281332398719393,,0.5
273,5,5,4.281332398719393,,0.5
274,5,6,4.281332398719393,,0.5
275,5,7,4.281332398719393,,0.5
276,5,8,4.281332398719393,,0.5
277,5,9,4.281332398719393,,0.5
278,5,10,4.281332398719393,,0.5
279,6,2,4.281332398719393,,0.5
280,6,3,4.281332398719393,,0.5
281,6,4,4.281332398719393,,0.5
282,6,5,4.281332398719393,,0.5
283,6,6,4.281332398719393,,0.5
284,6,7,4.281332398719393,,0.5
285,6,8,4.281332398719393,,0.5
286,6,9,4.281332398719393,,0.5
287,6,10,4.281332398719393,,0.5
288,7,2,4.281332398719393,,0.5
289,7,3,4.281332398719393,,0.5
290,7,4,4.281332398719393,,0.5
291,7,5,4.281332398719393,,0.5
292,7,6,4.281332398719393,,0.5
293,7,7,4.281332398719393,,0.5
294,7,8,4.281332398719393,,0.5
295,7,9,4.281332398719393,,0.5
296,7,10,4.281332398719393,,0.5
297,8,2,4.281332398719393,,0.5
298,8,3,4.281332398719393,,0.5
299,8,4,4.281332398719393,,0.5
300,8,5,4.281332398719393,,0.5
301,8,6,4.281332398719393,,0.5
302,8,7,4.281332398719393,,0.5
303,8,8,4.281332398719393,,0.5
304,8,9,4.281332398719393,,0.5
305,8,10,4.281332398719393,,0.5
306,9,2,4.281332398719393,,0.5
307,9,3,4.281332398719393,,0.5
308,9,4,4.281332398719393,,0.5
309,9,5,4.281332398719393,,0.5
310,9,6,4.281332398719393,,0.5
311,9,7,4.281332398719393,,0.5
312,9,8,4.281332398719393,,0.5
313,9,9,4.281332398719393,,0.5
314,9,10,4.281332398719393,,0.5
315,10,2,4.281332398719393,,0.5
316,10,3,4.281332398719393,,0.5
317,10,4,4.281332398719393,,0.5
318,10,5,4.281332398719393,,0.5
319,10,6,4.281332398719393,,0.5
320,10,7,4.281332398719393,,0.5
321,10,8,4.281332398719393,,0.5
322,10,9,4.281332398719393,,0.5
323,10,10,4.281332398719393,,0.5
324,2,2,6.951927961775605,,0.5
325,2,3,6.951927961775605,,0.5
326,2,4,6.951927961775605,,0.5
327,2,5,6.951927961775605,,0.5
328,2,6,6.951927961775605,,0.5
329,2,7,6.951927961775605,,0.5
330,2,8,6.951927961775605,,0.5
331,2,9,6.951927961775605,,0.5
332,2,10,6.951927961775605,,0.5
333,3,2,6.951927961775605,,0.5
334,3,3,6.951927961775605,,0.5
335,3,4,6.951927961775605,,0.5
336,3,5,6.951927961775605,,0.5
337,3,6,6.951927961775605,,0.5
338,3,7,6.951927961775605,,0.5
339,3,8,6.951927961775605,,0.5
340,3,9,6.951927961775605,,0.5
341,3,10,6.951927961775605,,0.5
342,4,2,6.951927961775605,,0.5
343,4,3,6.951927961775605,,0.5
344,4,4,6.951927961775605,,0.5
345,4,5,6.951927961775605,,0.5
346,4,6,6.951927961775605,,0.5
347,4,7,6.951927961775605,,0.5
348,4,8,6.951927961775605,,0.5
349,4,9,6.951927961775605,,0.5
350,4,10,6.951927961775605,,0.5
351,5,2,6.951927961775605,,0.5
352,5,3,6.951927961775605,,0.5
353,5,4,6.951927961775605,,0.5
354,5,5,6.951927961775605,,0.5
355,5,6,6.951927961775605,,0.5
356,5,7,6.951927961775605,,0.5
357,5,8,6.951927961775605,,0.5
358,5,9,6.951927961775605,,0.5
359,5,10,6.951927961775605,,0.5
360,6,2,6.951927961775605,,0.5
361,6,3,6.951927961775605,,0.5
362,6,4,6.951927961775605,,0.5
363,6,5,6.951927961775605,,0.5
364,6,6,6.951927961775605,,0.5
365,6,7,6.951927961775605,,0.5
366,6,8,6.951927961775605,,0.5
367,6,9,6.951927961775605,,0.5
368,6,10,6.951927961775605,,0.5
369,7,2,6.951927961775605,,0.5
370,7,3,6.951927961775605,,0.5
371,7,4,6.951927961775605,,0.5
372,7,5,6.951927961775605,,0.5
373,7,6,6.951927961775605,,0.5
374,7,7,6.951927961775605,,0.5
375,7,8,6.951927961775605,,0.5
376,7,9,6.951927961775605,,0.5
377,7,10,6.951927961775605,,0.5
378,8,2,6.951927961775605,,0.5
379,8,3,6.951927961775605,,0.5
380,8,4,6.951927961775605,,0.5
381,8,5,6.951927961775605,,0.5
382,8,6,6.951927961775605,,0.5
383,8,7,6.951927961775605,,0.5
384,8,8,6.951927961775605,,0.5
385,8,9,6.951927961775605,,0.5
386,8,10,6.951927961775605,,0.5
387,9,2,6.951927961775605,,0.5
388,9,3,6.951927961775605,,0.5
389,9,4,6.951927961775605,,0.5
390,9,5,6.951927961775605,,0.5
391,9,6,6.951927961775605,,0.5
392,9,7,6.951927961775605,,0.5
393,9,8,6.951927961775605,,0.5
394,9,9,6.951927961775605,,0.5
395,9,10,6.951927961775605,,0.5
396,10,2,6.951927961775605,,0.5
397,10,3,6.951927961775605,,0.5
398,10,4,6.951927961775605,,0.5
399,10,5,6.951927961775605,,0.5
400,10,6,6.951927961775605,,0.5
401,10,7,6.951927961775605,,0.5
402,10,8,6.951927961775605,,0.5
403,10,9,6.951927961775605,,0.5
404,10,10,6.951927961775605,,0.5
405,2,2,11.28837891684689,,0.5
406,2,3,11.28837891684689,,0.5
407,2,4,11.28837891684689,,0.5
408,2,5,11.28837891684689,,0.5
409,2,6,11.28837891684689,,0.5
410,2,7,11.28837891684689,,0.5
411,2,8,11.28837891684689,,0.5
412,2,9,11.28837891684689,,0.5
413,2,10,11.28837891684689,,0.5
414,3,2,11.28837891684689,,0.5
415,3,3,11.28837891684689,,0.5
416,3,4,11.28837891684689,,0.5
417,3,5,11.28837891684689,,0.5
418,3,6,11.28837891684689,,0.5
419,3,7,11.28837891684689,,0.5
420,3,8,11.28837891684689,,0.5
421,3,9,11.28837891684689,,0.5
422,3,10,11.28837891684689,,0.5
423,4,2,11.28837891684689,,0.5
424,4,3,11.28837891684689,,0.5
425,4,4,11.28837891684689,,0.5
426,4,5,11.28837891684689,,0.5
427,4,6,11.28837891684689,,0.5
428,4,7,11.28837891684689,,0.5
429,4,8,11.28837891684689,,0.5
430,4,9,11.28837891684689,,0.5
431,4,10,11.28837891684689,,0.5
432,5,2,11.28837891684689,,0.5
433,5,3,11.28837891684689,,0.5
434,5,4,11.28837891684689,,0.5
435,5,5,11.28837891684689,,0.5
436,5,6,11.28837891684689,,0.5
437,5,7,11.28837891684689,,0.5
438,5,8,11.28837891684689,,0.5
439,5,9,11.28837891684689,,0.5
440,5,10,11.28837891684689,,0.5
441,6,2,11.28837891684689,,0.5
442,6,3,11.28837891684689,,0.5
443,6,4,11.28837891684689,,0.5
444,6,5,11.28837891684689,,0.5
445,6,6,11.28837891684689,,0.5
446,6,7,11.28837891684689,,0.5
447,6,8,11.28837891684689,,0.5
448,6,9,11.28837891684689,,0.5
449,6,10,11.28837891684689,,0.5
450,7,2,11.28837891684689,,0.5
451,7,3,11.28837891684689,,0.5
452,7,4,11.28837891684689,,0.5
453,7,5,11.28837891684689,,0.5
454,7,6,11.28837891684689,,0.5
455,7,7,11.28837891684689,,0.5
456,7,8,11.28837891684689,,0.5
457,7,9,11.28837891684689,,0.5
458,7,10,11.28837891684689,,0.5
459,8,2,11.28837891684689,,0.5
460,8,3,11.28837891684689,,0.5
461,8,4,11.28837891684689,,0.5
462,8,5,11.28837891684689,,0.5
463,8,6,11.28837891684689,,0.5
464,8,7,11.28837891684689,,0.5
465,8,8,11.28837891684689,,0.5
466,8,9,11.28837891684689,,0.5
467,8,10,11.28837891684689,,0.5
468,9,2,11.28837891684689,,0.5
469,9,3,11.28837891684689,,0.5
470,9,4,11.28837891684689,,0.5
471,9,5,11.28837891684689,,0.5
472,9,6,11.28837891684689,,0.5
473,9,7,11.28837891684689,,0.5
474,9,8,11.28837891684689,,0.5
475,9,9,11.28837891684689,,0.5
476,9,10,11.28837891684689,,0.5
477,10,2,11.28837891684689,,0.5
478,10,3,11.28837891684689,,0.5
479,10,4,11.28837891684689,,0.5
480,10,5,11.28837891684689,,0.5
481,10,6,11.28837891684689,,0.5
482,10,7,11.28837891684689,,0.5
483,10,8,11.28837891684689,,0.5
484,10,9,11.28837891684689,,0.5
485,10,10,11.28837891684689,,0.5
486,2,2,18.329807108324356,,0.5
487,2,3,18.329807108324356,,0.5
488,2,4,18.329807108324356,,0.5
489,2,5,18.329807108324356,,0.5
490,2,6,18.329807108324356,,0.5
491,2,7,18.329807108324356,,0.5
492,2,8,18.329807108324356,,0.5
493,2,9,18.329807108324356,,0.5
494,2,10,18.329807108324356,,0.5
495,3,2,18.329807108324356,,0.5
496,3,3,18.329807108324356,,0.5
497,3,4,18.329807108324356,,0.5
498,3,5,18.329807108324356,,0.5
499,3,6,18.329807108324356,,0.5
500,3,7,18.329807108324356,,0.5
501,3,8,18.329807108324356,,0.5
502,3,9,18.329807108324356,,0.5
503,3,10,18.329807108324356,,0.5
504,4,2,18.329807108324356,,0.5
505,4,3,18.329807108324356,,0.5
506,4,4,18.329807108324356,,0.5
507,4,5,18.329807108324356,,0.5
508,4,6,18.329807108324356,,0.5
509,4,7,18.329807108324356,,0.5
510,4,8,18.329807108324356,,0.5
511,4,9,18.329807108324356,,0.5
512,4,10,18.329807108324356,,0.5
513,5,2,18.329807108324356,,0.5
514,5,3,18.329807108324356,,0.5
515,5,4,18.329807108324356,,0.5
516,5,5,18.329807108324356,,0.5
517,5,6,18.329807108324356,,0.5
518,5,7,18.329807108324356,,0.5
519,5,8,18.329807108324356,,0.5
520,5,9,18.329807108324356,,0.5
521,5,10,18.329807108324356,,0.5
522,6,2,18.329807108324356,,0.5
523,6,3,18.329807108324356,,0.5
524,6,4,18.329807108324356,,0.5
525,6,5,18.329807108324356,,0.5
526,6,6,18.329807108324356,,0.5
527,6,7,18.329807108324356,,0.5
528,6,8,18.329807108324356,,0.5
529,6,9,18.329807108324356,,0.5
530,6,10,18.329807108324356,,0.5
531,7,2,18.329807108324356,,0.5
532,7,3,18.329807108324356,,0.5
533,7,4,18.329807108324356,,0.5
534,7,5,18.329807108324356,,0.5
535,7,6,18.329807108324356,,0.5
536,7,7,18.329807108324356,,0.5
537,7,8,18.329807108324356,,0.5
538,7,9,18.329807108324356,,0.5
539,7,10,18.329807108324356,,0.5
540,8,2,18.329807108324356,,0.5
541,8,3,18.329807108324356,,0.5
542,8,4,18.329807108324356,,0.5
543,8,5,18.329807108324356,,0.5
544,8,6,18.329807108324356,,0.5
545,8,7,18.329807108324356,,0.5
546,8,8,18.329807108324356,,0.5
547,8,9,18.329807108324356,,0.5
548,8,10,18.329807108324356,,0.5
549,9,2,18.329807108324356,,0.5
550,9,3,18.329807108324356,,0.5
551,9,4,18.329807108324356,,0.5
552,9,5,18.329807108324356,,0.5
553,9,6,18.329807108324356,,0.5
554,9,7,18.329807108324356,,0.5
555,9,8,18.329807108324356,,0.5
556,9,9,18.329807108324356,,0.5
557,9,10,18.329807108324356,,0.5
558,10,2,18.329807108324356,,0.5
559,10,3,18.329807108324356,,0.5
560,10,4,18.329807108324356,,0.5
561,10,5,18.329807108324356,,0.5
562,10,6,18.329807108324356,,0.5
563,10,7,18.329807108324356,,0.5
564,10,8,18.329807108324356,,0.5
565,10,9,18.329807108324356,,0.5
566,10,10,18.329807108324356,,0.5
567,2,2,29.76351441631318,,0.5
568,2,3,29.76351441631318,,0.5
569,2,4,29.76351441631318,,0.5
570,2,5,29.76351441631318,,0.5
571,2,6,29.76351441631318,,0.5
572,2,7,29.76351441631318,,0.5
573,2,8,29.76351441631318,,0.5
574,2,9,29.76351441631318,,0.5
575,2,10,29.76351441631318,,0.5
576,3,2,29.76351441631318,,0.5
577,3,3,29.76351441631318,,0.5
578,3,4,29.76351441631318,,0.5
579,3,5,29.76351441631318,,0.5
580,3,6,29.76351441631318,,0.5
581,3,7,29.76351441631318,,0.5
582,3,8,29.76351441631318,,0.5
583,3,9,29.76351441631318,,0.5
584,3,10,29.76351441631318,,0.5
585,4,2,29.76351441631318,,0.5
586,4,3,29.76351441631318,,0.5
587,4,4,29.76351441631318,,0.5
588,4,5,29.76351441631318,,0.5
589,4,6,29.76351441631318,,0.5
590,4,7,29.76351441631318,,0.5
591,4,8,29.76351441631318,,0.5
592,4,9,29.76351441631318,,0.5
593,4,10,29.76351441631318,,0.5
594,5,2,29.76351441631318,,0.5
595,5,3,29.76351441631318,,0.5
596,5,4,29.76351441631318,,0.5
597,5,5,29.76351441631318,,0.5
598,5,6,29.76351441631318,,0.5
599,5,7,29.76351441631318,,0.5
600,5,8,29.76351441631318,,0.5
601,5,9,29.76351441631318,,0.5
602,5,10,29.76351441631318,,0.5
603,6,2,29.76351441631318,,0.5
604,6,3,29.76351441631318,,0.5
605,6,4,29.76351441631318,,0.5
606,6,5,29.76351441631318,,0.5
607,6,6,29.76351441631318,,0.5
608,6,7,29.76351441631318,,0.5
609,6,8,29.76351441631318,,0.5
610,6,9,29.76351441631318,,0.5
611,6,10,29.76351441631318,,0.5
612,7,2,29.76351441631318,,0.5
613,7,3,29.76351441631318,,0.5
614,7,4,29.76351441631318,,0.5
615,7,5,29.76351441631318,,0.5
616,7,6,29.76351441631318,,0.5
617,7,7,29.76351441631318,,0.5
618,7,8,29.76351441631318,,0.5
619,7,9,29.76351441631318,,0.5
620,7,10,29.76351441631318,,0.5
621,8,2,29.76351441631318,,0.5
622,8,3,29.76351441631318,,0.5
623,8,4,29.76351441631318,,0.5
624,8,5,29.76351441631318,,0.5
625,8,6,29.76351441631318,,0.5
626,8,7,29.76351441631318,,0.5
627,8,8,29.76351441631318,,0.5
628,8,9,29.76351441631318,,0.5
629,8,10,29.76351441631318,,0.5
630,9,2,29.76351441631318,,0.5
631,9,3,29.76351441631318,,0.5
632,9,4,29.76351441631318,,0.5
633,9,5,29.76351441631318,,0.5
634,9,6,29.76351441631318,,0.5
635,9,7,29.76351441631318,,0.5
636,9,8,29.76351441631318,,0.5
637,9,9,29.76351441631318,,0.5
638,9,10,29.76351441631318,,0.5
639,10,2,29.76351441631318,,0.5
640,10,3,29.76351441631318,,0.5
641,10,4,29.76351441631318,,0.5
642,10,5,29.76351441631318,,0.5
643,10,6,29.76351441631318,,0.5
644,10,7,29.76351441631318,,0.5
645,10,8,29.76351441631318,,0.5
646,10,9,29.76351441631318,,0.5
647,10,10,29.76351441631318,,0.5
648,2,2,48.32930238571752,,0.5
649,2,3,48.32930238571752,,0.5
650,2,4,48.32930238571752,,0.5
651,2,5,48.32930238571752,,0.5
652,2,6,48.32930238571752,,0.5
653,2,7,48.32930238571752,,0.5
654,2,8,48.32930238571752,,0.5
655,2,9,48.32930238571752,,0.5
656,2,10,48.32930238571752,,0.5
657,3,2,48.32930238571752,,0.5
658,3,3,48.32930238571752,,0.5
659,3,4,48.32930238571752,,0.5
660,3,5,48.32930238571752,,0.5
661,3,6,48.32930238571752,,0.5
662,3,7,48.32930238571752,,0.5
663,3,8,48.32930238571752,,0.5
664,3,9,48.32930238571752,,0.5
665,3,10,48.32930238571752,,0.5
666,4,2,48.32930238571752,,0.5
667,4,3,48.32930238571752,,0.5
668,4,4,48.32930238571752,,0.5
669,4,5,48.32930238571752,,0.5
670,4,6,48.32930238571752,,0.5
671,4,7,48.32930238571752,,0.5
672,4,8,48.32930238571752,,0.5
673,4,9,48.32930238571752,,0.5
674,4,10,48.32930238571752,,0.5
675,5,2,48.32930238571752,,0.5
676,5,3,48.32930238571752,,0.5
677,5,4,48.32930238571752,,0.5
678,5,5,48.32930238571752,,0.5
679,5,6,48.32930238571752,,0.5
680,5,7,48.32930238571752,,0.5
681,5,8,48.32930238571752,,0.5
682,5,9,48.32930238571752,,0.5
683,5,10,48.32930238571752,,0.5
684,6,2,48.32930238571752,,0.5
685,6,3,48.32930238571752,,0.5
686,6,4,48.32930238571752,,0.5
687,6,5,48.32930238571752,,0.5
688,6,6,48.32930238571752,,0.5
689,6,7,48.32930238571752,,0.5
690,6,8,48.32930238571752,,0.5
691,6,9,48.32930238571752,,0.5
692,6,10,48.32930238571752,,0.5
693,7,2,48.32930238571752,,0.5
694,7,3,48.32930238571752,,0.5
695,7,4,48.32930238571752,,0.5
696,7,5,48.32930238571752,,0.5
697,7,6,48.32930238571752,,0.5
698,7,7,48.32930238571752,,0.5
699,7,8,48.32930238571752,,0.5
700,7,9,48.32930238571752,,0.5
701,7,10,48.32930238571752,,0.5
702,8,2,48.32930238571752,,0.5
703,8,3,48.32930238571752,,0.5
704,8,4,48.32930238571752,,0.5
705,8,5,48.32930238571752,,0.5
706,8,6,48.32930238571752,,0.5
707,8,7,48.32930238571752,,0.5
708,8,8,48.32930238571752,,0.5
709,8,9,48.32930238571752,,0.5
710,8,10,48.32930238571752,,0.5
711,9,2,48.32930238571752,,0.5
712,9,3,48.32930238571752,,0.5
713,9,4,48.32930238571752,,0.5
714,9,5,48.32930238571752,,0.5
715,9,6,48.32930238571752,,0.5
716,9,7,48.32930238571752,,0.5
717,9,8,48.32930238571752,,0.5
718,9,9,48.32930238571752,,0.5
719,9,10,48.32930238571752,,0.5
720,10,2,48.32930238571752,,0.5
721,10,3,48.32930238571752,,0.5
722,10,4,48.32930238571752,,0.5
723,10,5,48.32930238571752,,0.5
724,10,6,48.32930238571752,,0.5
725,10,7,48.32930238571752,,0.5
726,10,8,48.32930238571752,,0.5
727,10,9,48.32930238571752,,0.5
728,10,10,48.32930238571752,,0.5
729,2,2,78.47599703514611,,0.5
730,2,3,78.47599703514611,,0.5
731,2,4,78.47599703514611,,0.5
732,2,5,78.47599703514611,,0.5
733,2,6,78.47599703514611,,0.5
734,2,7,78.47599703514611,,0.5
735,2,8,78.47599703514611,,0.5
736,2,9,78.47599703514611,,0.5
737,2,10,78.47599703514611,,0.5
738,3,2,78.47599703514611,,0.5
739,3,3,78.47599703514611,,0.5
740,3,4,78.47599703514611,,0.5
741,3,5,78.47599703514611,,0.5
742,3,6,78.47599703514611,,0.5
743,3,7,78.47599703514611,,0.5
744,3,8,78.47599703514611,,0.5
745,3,9,78.47599703514611,,0.5
746,3,10,78.47599703514611,,0.5
747,4,2,78.47599703514611,,0.5
748,4,3,78.47599703514611,,0.5
749,4,4,78.47599703514611,,0.5
750,4,5,78.47599703514611,,0.5
751,4,6,78.47599703514611,,0.5
752,4,7,78.47599703514611,,0.5
753,4,8,78.47599703514611,,0.5
754,4,9,78.47599703514611,,0.5
755,4,10,78.47599703514611,,0.5
756,5,2,78.47599703514611,,0.5
757,5,3,78.47599703514611,,0.5
758,5,4,78.47599703514611,,0.5
759,5,5,78.47599703514611,,0.5
760,5,6,78.47599703514611,,0.5
761,5,7,78.47599703514611,,0.5
762,5,8,78.47599703514611,,0.5
763,5,9,78.47599703514611,,0.5
764,5,10,78.47599703514611,,0.5
765,6,2,78.47599703514611,,0.5
766,6,3,78.47599703514611,,0.5
767,6,4,78.47599703514611,,0.5
768,6,5,78.47599703514611,,0.5
769,6,6,78.47599703514611,,0.5
770,6,7,78.47599703514611,,0.5
771,6,8,78.47599703514611,,0.5
772,6,9,78.47599703514611,,0.5
773,6,10,78.47599703514611,,0.5
774,7,2,78.47599703514611,,0.5
775,7,3,78.47599703514611,,0.5
776,7,4,78.47599703514611,,0.5
777,7,5,78.47599703514611,,0.5
778,7,6,78.47599703514611,,0.5
779,7,7,78.47599703514611,,0.5
780,7,8,78.47599703514611,,0.5
781,7,9,78.47599703514611,,0.5
782,7,10,78.47599703514611,,0.5
783,8,2,78.47599703514611,,0.5
784,8,3,78.47599703514611,,0.5
785,8,4,78.47599703514611,,0.5
786,8,5,78.47599703514611,,0.5
787,8,6,78.47599703514611,,0.5
788,8,7,78.47599703514611,,0.5
789,8,8,78.47599703514611,,0.5
790,8,9,78.47599703514611,,0.5
791,8,10,78.47599703514611,,0.5
792,9,2,78.47599703514611,,0.5
793,9,3,78.47599703514611,,0.5
794,9,4,78.47599703514611,,0.5
795,9,5,78.47599703514611,,0.5
796,9,6,78.47599703514611,,0.5
797,9,7,78.47599703514611,,0.5
798,9,8,78.47599703514611,,0.5
799,9,9,78.47599703514611,,0.5
800,9,10,78.47599703514611,,0.5
801,10,2,78.47599703514611,,0.5
802,10,3,78.47599703514611,,0.5
803,10,4,78.47599703514611,,0.5
804,10,5,78.47599703514611,,0.5
805,10,6,78.47599703514611,,0.5
806,10,7,78.47599703514611,,0.5
807,10,8,78.47599703514611,,0.5
808,10,9,78.47599703514611,,0.5
809,10,10,78.47599703514611,,0.5
810,2,2,127.42749857031335,,0.5
811,2,3,127.42749857031335,,0.5
812,2,4,127.42749857031335,,0.5
813,2,5,127.42749857031335,,0.5
814,2,6,127.42749857031335,,0.5
815,2,7,127.42749857031335,,0.5
816,2,8,127.42749857031335,,0.5
817,2,9,127.42749857031335,,0.5
818,2,10,127.42749857031335,,0.5
819,3,2,127.42749857031335,,0.5
820,3,3,127.42749857031335,,0.5
821,3,4,127.42749857031335,,0.5
822,3,5,127.42749857031335,,0.5
823,3,6,127.42749857031335,,0.5
824,3,7,127.42749857031335,,0.5
825,3,8,127.42749857031335,,0.5
826,3,9,127.42749857031335,,0.5
827,3,10,127.42749857031335,,0.5
828,4,2,127.42749857031335,,0.5
829,4,3,127.42749857031335,,0.5
830,4,4,127.42749857031335,,0.5
831,4,5,127.42749857031335,,0.5
832,4,6,127.42749857031335,,0.5
833,4,7,127.42749857031335,,0.5
834,4,8,127.42749857031335,,0.5
835,4,9,127.42749857031335,,0.5
836,4,10,127.42749857031335,,0.5
837,5,2,127.42749857031335,,0.5
838,5,3,127.42749857031335,,0.5
839,5,4,127.42749857031335,,0.5
840,5,5,127.42749857031335,,0.5
841,5,6,127.42749857031335,,0.5
842,5,7,127.42749857031335,,0.5
843,5,8,127.42749857031335,,0.5
844,5,9,127.42749857031335,,0.5
845,5,10,127.42749857031335,,0.5
846,6,2,127.42749857031335,,0.5
847,6,3,127.42749857031335,,0.5
848,6,4,127.42749857031335,,0.5
849,6,5,127.42749857031335,,0.5
850,6,6,127.42749857031335,,0.5
851,6,7,127.42749857031335,,0.5
852,6,8,127.42749857031335,,0.5
853,6,9,127.42749857031335,,0.5
854,6,10,127.42749857031335,,0.5
855,7,2,127.42749857031335,,0.5
856,7,3,127.42749857031335,,0.5
857,7,4,127.42749857031335,,0.5
858,7,5,127.42749857031335,,0.5
859,7,6,127.42749857031335,,0.5
860,7,7,127.42749857031335,,0.5
861,7,8,127.42749857031335,,0.5
862,7,9,127.42749857031335,,0.5
863,7,10,127.42749857031335,,0.5
864,8,2,127.42749857031335,,0.5
865,8,3,127.42749857031335,,0.5
866,8,4,127.42749857031335,,0.5
867,8,5,127.42749857031335,,0.5
868,8,6,127.42749857031335,,0.5
869,8,7,127.42749857031335,,0.5
870,8,8,127.42749857031335,,0.5
871,8,9,127.42749857031335,,0.5
872,8,10,127.42749857031335,,0.5
873,9,2,127.42749857031335,,0.5
874,9,3,127.42749857031335,,0.5
875,9,4,127.42749857031335,,0.5
876,9,5,127.42749857031335,,0.5
877,9,6,127.42749857031335,,0.5
878,9,7,127.42749857031335,,0.5
879,9,8,127.42749857031335,,0.5
880,9,9,127.42749857031335,,0.5
881,9,10,127.42749857031335,,0.5
882,10,2,127.42749857031335,,0.5
883,10,3,127.42749857031335,,0.5
884,10,4,127.42749857031335,,0.5
885,10,5,127.42749857031335,,0.5
886,10,6,127.42749857031335,,0.5
887,10,7,127.42749857031335,,0.5
888,10,8,127.42749857031335,,0.5
889,10,9,127.42749857031335,,0.5
890,10,10,127.42749857031335,,0.5
891,2,2,206.913808111479,,0.5
892,2,3,206.913808111479,,0.5
893,2,4,206.913808111479,,0.5
894,2,5,206.913808111479,,0.5
895,2,6,206.913808111479,,0.5
896,2,7,206.913808111479,,0.5
897,2,8,206.913808111479,,0.5
898,2,9,206.913808111479,,0.5
899,2,10,206.913808111479,,0.5
900,3,2,206.913808111479,,0.5
901,3,3,206.913808111479,,0.5
902,3,4,206.913808111479,,0.5
903,3,5,206.913808111479,,0.5
904,3,6,206.913808111479,,0.5
905,3,7,206.913808111479,,0.5
906,3,8,206.913808111479,,0.5
907,3,9,206.913808111479,,0.5
908,3,10,206.913808111479,,0.5
909,4,2,206.913808111479,,0.5
910,4,3,206.913808111479,,0.5
911,4,4,206.913808111479,,0.5
912,4,5,206.913808111479,,0.5
913,4,6,206.913808111479,,0.5
914,4,7,206.913808111479,,0.5
915,4,8,206.913808111479,,0.5
916,4,9,206.913808111479,,0.5
917,4,10,206.913808111479,,0.5
918,5,2,206.913808111479,,0.5
919,5,3,206.913808111479,,0.5
920,5,4,206.913808111479,,0.5
921,5,5,206.913808111479,,0.5
922,5,6,206.913808111479,,0.5
923,5,7,206.913808111479,,0.5
924,5,8,206.913808111479,,0.5
925,5,9,206.913808111479,,0.5
926,5,10,206.913808111479,,0.5
927,6,2,206.913808111479,,0.5
928,6,3,206.913808111479,,0.5
929,6,4,206.913808111479,,0.5
930,6,5,206.913808111479,,0.5
931,6,6,206.913808111479,,0.5
932,6,7,206.913808111479,,0.5
933,6,8,206.913808111479,,0.5
934,6,9,206.913808111479,,0.5
935,6,10,206.913808111479,,0.5
936,7,2,206.913808111479,,0.5
937,7,3,206.913808111479,,0.5
938,7,4,206.913808111479,,0.5
939,7,5,206.913808111479,,0.5
940,7,6,206.913808111479,,0.5
941,7,7,206.913808111479,,0.5
942,7,8,206.913808111479,,0.5
943,7,9,206.913808111479,,0.5
944,7,10,206.913808111479,,0.5
945,8,2,206.913808111479,,0.5
946,8,3,206.913808111479,,0.5
947,8,4,206.913808111479,,0.5
948,8,5,206.913808111479,,0.5
949,8,6,206.913808111479,,0.5
950,8,7,206.913808111479,,0.5
951,8,8,206.913808111479,,0.5
952,8,9,206.913808111479,,0.5
953,8,10,206.913808111479,,0.5
954,9,2,206.913808111479,,0.5
955,9,3,206.913808111479,,0.5
956,9,4,206.913808111479,,0.5
957,9,5,206.913808111479,,0.5
958,9,6,206.913808111479,,0.5
959,9,7,206.913808111479,,0.5
960,9,8,206.913808111479,,0.5
961,9,9,206.913808111479,,0.5
962,9,10,206.913808111479,,0.5
963,10,2,206.913808111479,,0.5
964,10,3,206.913808111479,,0.5
965,10,4,206.913808111479,,0.5
966,10,5,206.913808111479,,0.5
967,10,6,206.913808111479,,0.5
968,10,7,206.913808111479,,0.5
969,10,8,206.913808111479,,0.5
970,10,9,206.913808111479,,0.5
971,10,10,206.913808111479,,0.5
972,2,2,335.9818286283781,,0.5
973,2,3,335.9818286283781,,0.5
974,2,4,335.9818286283781,,0.5
975,2,5,335.9818286283781,,0.5
976,2,6,335.9818286283781,,0.5
977,2,7,335.9818286283781,,0.5
978,2,8,335.9818286283781,,0.5
979,2,9,335.9818286283781,,0.5
980,2,10,335.9818286283781,,0.5
981,3,2,335.9818286283781,,0.5
982,3,3,335.9818286283781,,0.5
983,3,4,335.9818286283781,,0.5
984,3,5,335.9818286283781,,0.5
985,3,6,335.9818286283781,,0.5
986,3,7,335.9818286283781,,0.5
987,3,8,335.9818286283781,,0.5
988,3,9,335.9818286283781,,0.5
989,3,10,335.9818286283781,,0.5
990,4,2,335.9818286283781,,0.5
991,4,3,335.9818286283781,,0.5
992,4,4,335.9818286283781,,0.5
993,4,5,335.9818286283781,,0.5
994,4,6,335.9818286283781,,0.5
995,4,7,335.9818286283781,,0.5
996,4,8,335.9818286283781,,0.5
997,4,9,335.9818286283781,,0.5
998,4,10,335.9818286283781,,0.5
999,5,2,335.9818286283781,,0.5
1000,5,3,335.9818286283781,,0.5
1001,5,4,335.9818286283781,,0.5
1002,5,5,335.9818286283781,,0.5
1003,5,6,335.9818286283781,,0.5
1004,5,7,335.9818286283781,,0.5
1005,5,8,335.9818286283781,,0.5
1006,5,9,335.9818286283781,,0.5
1007,5,10,335.9818286283781,,0.5
1008,6,2,335.9818286283781,,0.5
1009,6,3,335.9818286283781,,0.5
1010,6,4,335.9818286283781,,0.5
1011,6,5,335.9818286283781,,0.5
1012,6,6,335.9818286283781,,0.5
1013,6,7,335.9818286283781,,0.5
1014,6,8,335.9818286283781,,0.5
1015,6,9,335.9818286283781,,0.5
1016,6,10,335.9818286283781,,0.5
1017,7,2,335.9818286283781,,0.5
1018,7,3,335.9818286283781,,0.5
1019,7,4,335.9818286283781,,0.5
1020,7,5,335.9818286283781,,0.5
1021,7,6,335.9818286283781,,0.5
1022,7,7,335.9818286283781,,0.5
1023,7,8,335.9818286283781,,0.5
1024,7,9,335.9818286283781,,0.5
1025,7,10,335.9818286283781,,0.5
1026,8,2,335.9818286283781,,0.5
1027,8,3,335.9818286283781,,0.5
1028,8,4,335.9818286283781,,0.5
1029,8,5,335.9818286283781,,0.5
1030,8,6,335.9818286283781,,0.5
1031,8,7,335.9818286283781,,0.5
1032,8,8,335.9818286283781,,0.5
1033,8,9,335.9818286283781,,0.5
1034,8,10,335.9818286283781,,0.5
1035,9,2,335.9818286283781,,0.5
1036,9,3,335.9818286283781,,0.5
1037,9,4,335.9818286283781,,0.5
1038,9,5,335.9818286283781,,0.5
1039,9,6,335.9818286283781,,0.5
1040,9,7,335.9818286283781,,0.5
1041,9,8,335.9818286283781,,0.5
1042,9,9,335.9818286283781,,0.5
1043,9,10,335.9818286283781,,0.5
1044,10,2,335.9818286283781,,0.5
1045,10,3,335.9818286283781,,0.5
1046,10,4,335.9818286283781,,0.5
1047,10,5,335.9818286283781,,0.5
1048,10,6,335.9818286283781,,0.5
1049,10,7,335.9818286283781,,0.5
1050,10,8,335.9818286283781,,0.5
1051,10,9,335.9818286283781,,0.5
1052,10,10,335.9818286283781,,0.5
1053,2,2,545.5594781168514,,0.5
1054,2,3,545.5594781168514,,0.5
1055,2,4,545.5594781168514,,0.5
1056,2,5,545.5594781168514,,0.5
1057,2,6,545.5594781168514,,0.5
1058,2,7,545.5594781168514,,0.5
1059,2,8,545.5594781168514,,0.5
1060,2,9,545.5594781168514,,0.5
1061,2,10,545.5594781168514,,0.5
1062,3,2,545.5594781168514,,0.5
1063,3,3,545.5594781168514,,0.5
1064,3,4,545.5594781168514,,0.5
1065,3,5,545.5594781168514,,0.5
1066,3,6,545.5594781168514,,0.5
1067,3,7,545.5594781168514,,0.5
1068,3,8,545.5594781168514,,0.5
1069,3,9,545.5594781168514,,0.5
1070,3,10,545.5594781168514,,0.5
1071,4,2,545.5594781168514,,0.5
1072,4,3,545.5594781168514,,0.5
1073,4,4,545.5594781168514,,0.5
1074,4,5,545.5594781168514,,0.5
1075,4,6,545.5594781168514,,0.5
1076,4,7,545.5594781168514,,0.5
1077,4,8,545.5594781168514,,0.5
1078,4,9,545.5594781168514,,0.5
1079,4,10,545.5594781168514,,0.5
1080,5,2,545.5594781168514,,0.5
1081,5,3,545.5594781168514,,0.5
1082,5,4,545.5594781168514,,0.5
1083,5,5,545.5594781168514,,0.5
1084,5,6,545.5594781168514,,0.5
1085,5,7,545.5594781168514,,0.5
1086,5,8,545.5594781168514,,0.5
1087,5,9,545.5594781168514,,0.5
1088,5,10,545.5594781168514,,0.5
1089,6,2,545.5594781168514,,0.5
1090,6,3,545.5594781168514,,0.5
1091,6,4,545.5594781168514,,0.5
1092,6,5,545.5594781168514,,0.5
1093,6,6,545.5594781168514,,0.5
1094,6,7,545.5594781168514,,0.5
1095,6,8,545.5594781168514,,0.5
1096,6,9,545.5594781168514,,0.5
1097,6,10,545.5594781168514,,0.5
1098,7,2,545.5594781168514,,0.5
1099,7,3,545.5594781168514,,0.5
1100,7,4,545.5594781168514,,0.5
1101,7,5,545.5594781168514,,0.5
1102,7,6,545.5594781168514,,0.5
1103,7,7,545.5594781168514,,0.5
1104,7,8,545.5594781168514,,0.5
1105,7,9,545.5594781168514,,0.5
1106,7,10,545.5594781168514,,0.5
1107,8,2,545.5594781168514,,0.5
1108,8,3,545.5594781168514,,0.5
1109,8,4,545.5594781168514,,0.5
1110,8,5,545.5594781168514,,0.5
1111,8,6,545.5594781168514,,0.5
1112,8,7,545.5594781168514,,0.5
1113,8,8,545.5594781168514,,0.5
1114,8,9,545.5594781168514,,0.5
1115,8,10,545.5594781168514,,0.5
1116,9,2,545.5594781168514,,0.5
1117,9,3,545.5594781168514,,0.5
1118,9,4,545.5594781168514,,0.5
1119,9,5,545.5594781168514,,0.5
1120,9,6,545.5594781168514,,0.5
1121,9,7,545.5594781168514,,0.5
1122,9,8,545.5594781168514,,0.5
1123,9,9,545.5594781168514,,0.5
1124,9,10,545.5594781168514,,0.5
1125,10,2,545.5594781168514,,0.5
1126,10,3,545.5594781168514,,0.5
1127,10,4,545.5594781168514,,0.5
1128,10,5,545.5594781168514,,0.5
1129,10,6,545.5594781168514,,0.5
1130,10,7,545.5594781168514,,0.5
1131,10,8,545.5594781168514,,0.5
1132,10,9,545.5594781168514,,0.5
1133,10,10,545.5594781168514,,0.5
1134,2,2,885.8667904100823,,0.5
1135,2,3,885.8667904100823,0.459045904590459,0.5351894818252128
1136,2,4,885.8667904100823,0.507276081164173,0.4991168275450294
1137,2,5,885.8667904100823,0.4942927252622351,0.5026213605984513
1138,2,6,885.8667904100823,0.4995836802664446,0.5001083393327695
1139,2,7,885.8667904100823,0.5289968652037618,0.4968110517372996
1140,2,8,885.8667904100823,0.47577511696138286,0.5013411534358552
1141,2,9,885.8667904100823,0.5996002664890073,0.499163865569718
1142,2,10,885.8667904100823,0.4995836802664446,0.5000042017159808
1143,3,2,885.8667904100823,0.49897168621040383,0.5021878564211093
1144,3,3,885.8667904100823,0.493769787098086,0.515713134568896
1145,3,4,885.8667904100823,0.4671179256503968,0.5155154644435147
1146,3,5,885.8667904100823,0.5086747206830775,0.49912538579186927
1147,3,6,885.8667904100823,0.4701733764325595,0.5004282754634025
1148,3,7,885.8667904100823,0.4238357132045007,0.5021521826225689
1149,3,8,885.8667904100823,0.5395863171568465,0.49828046940219367
1150,3,9,885.8667904100823,0.5996002664890073,0.49831357375717716
1151,3,10,885.8667904100823,0.5551443375277573,0.4987318933088223
1152,4,2,885.8667904100823,0.49044177233571135,0.513869724508731
1153,4,3,885.8667904100823,0.45779987331324257,0.5171485846665055
1154,4,4,885.8667904100823,0.3329633740288568,0.5012615361402861
1155,4,5,885.8667904100823,0.43958971626481946,0.5086228205274467
1156,4,6,885.8667904100823,0.5231447977609402,0.49562331309180907
1157,4,7,885.8667904100823,0.5213235826515096,0.49915078044574657
1158,4,8,885.8667904100823,0.4995836802664446,0.5000188412896718
1159,4,9,885.8667904100823,0.4995836802664446,0.5000386393494042
1160,4,10,885.8667904100823,0.7139457401237506,0.49874616107715786
1161,5,2,885.8667904100823,0.47692594064586236,0.5283419948463483
1162,5,3,885.8667904100823,0.4995836802664447,0.5000445097936894
1163,5,4,885.8667904100823,0.6311913737178925,0.49346486573825404
1164,5,5,885.8667904100823,0.5353000654255635,0.49915742340503155
1165,5,6,885.8667904100823,0.6662965019433649,0.49874475584558187
1166,5,7,885.8667904100823,0.4749210331772665,0.5057187080164077
1167,5,8,885.8667904100823,0.5996002664890073,0.4995836802664447
1168,5,9,885.8667904100823,0.37460978147762747,0.5025573547825718
1169,5,10,885.8667904100823,,0.5
1170,6,2,885.8667904100823,0.5047740329486063,0.4876078795040161
1171,6,3,885.8667904100823,0.5450416351249053,0.4964390448261416
1172,6,4,885.8667904100823,0.4995836802664446,0.5000013912114392
1173,6,5,885.8667904100823,0.7496876301541024,0.4991659699025736
1174,6,6,885.8667904100823,0.5996002664890073,0.4995836802664447
1175,6,7,885.8667904100823,,0.5
1176,6,8,885.8667904100823,,0.5
1177,6,9,885.8667904100823,,0.5
1178,6,10,885.8667904100823,,0.5
1179,7,2,885.8667904100823,0.476268539529426,0.5045440352619119
1180,7,3,885.8667904100823,0.4865165734023863,0.5206814532704206
1181,7,4,885.8667904100823,0.4281636536631779,0.5004212017919207
1182,7,5,885.8667904100823,0.5195843325339728,0.49914927601652836
1183,7,6,885.8667904100823,,0.5
1184,7,7,885.8667904100823,,0.5
1185,7,8,885.8667904100823,,0.5
1186,7,9,885.8667904100823,,0.5
1187,7,10,885.8667904100823,,0.5
1188,8,2,885.8667904100823,0.5567319359520354,0.49648909181661705
1189,8,3,885.8667904100823,0.49147568725583735,0.5015521892916969
1190,8,4,885.8667904100823,1.0,0.4987489574645538
1191,8,5,885.8667904100823,,0.5
1192,8,6,885.8667904100823,,0.5
1193,8,7,885.8667904100823,,0.5
1194,8,8,885.8667904100823,,0.5
1195,8,9,885.8667904100823,,0.5
1196,8,10,885.8667904100823,,0.5
1197,9,2,885.8667904100823,0.5728684340878255,0.4825563111250883
1198,9,3,885.8667904100823,0.7496876301541024,0.4991659699025736
1199,9,4,885.8667904100823,0.4867634500426986,0.5004442661010633
1200,9,5,885.8667904100823,0.5223117974338595,0.49915152875950486
1201,9,6,885.8667904100823,,0.5
1202,9,7,885.8667904100823,,0.5
1203,9,8,885.8667904100823,,0.5
1204,9,9,885.8667904100823,,0.5
1205,9,10,885.8667904100823,,0.5
1206,10,2,885.8667904100823,0.565164566638909,0.49263288509708353
1207,10,3,885.8667904100823,0.4995836802664446,0.5000027917520478
1208,10,4,885.8667904100823,,0.5
1209,10,5,885.8667904100823,,0.5
1210,10,6,885.8667904100823,,0.5
1211,10,7,885.8667904100823,,0.5
1212,10,8,885.8667904100823,,0.5
1213,10,9,885.8667904100823,,0.5
1214,10,10,885.8667904100823,,0.5
1215,2,2,1438.449888287663,0.5,
1216,2,3,1438.449888287663,0.5,
1217,2,4,1438.449888287663,0.5,
1218,2,5,1438.449888287663,0.5,
1219,2,6,1438.449888287663,0.5,
1220,2,7,1438.449888287663,0.5,
1221,2,8,1438.449888287663,0.5011221446798044,0.49867624125049864
1222,2,9,1438.449888287663,0.4906985190266737,0.509893128460449
1223,2,10,1438.449888287663,0.44684573283402773,0.5130694509465873
1224,3,2,1438.449888287663,0.5,
1225,3,3,1438.449888287663,0.5,
1226,3,4,1438.449888287663,0.5,
1227,3,5,1438.449888287663,0.49763816262659644,0.5042348758583031
1228,3,6,1438.449888287663,0.4947293539416672,0.5027522625962448
1229,3,7,1438.449888287663,0.4835491341266258,0.5065767638478873
1230,3,8,1438.449888287663,0.5321941241424253,0.48001618032068494
1231,3,9,1438.449888287663,0.5326594090202177,0.4911092294665537
1232,3,10,1438.449888287663,0.49594292816507174,0.5088676369900833
1233,4,2,1438.449888287663,0.5,
1234,4,3,1438.449888287663,0.5,
1235,4,4,1438.449888287663,0.5075540249494304,0.472661829034758
1236,4,5,1438.449888287663,0.5067198210160382,0.4529206722763704
1237,4,6,1438.449888287663,0.49810000543561517,0.5101101732796929
1238,4,7,1438.449888287663,0.485586255895006,0.54179441010917
1239,4,8,1438.449888287663,0.49456700324698827,0.516031487781229
1240,4,9,1438.449888287663,0.4973455522906072,0.5353000654255636
1241,4,10,1438.449888287663,0.5027021974179388,0.4981947955527904
1242,5,2,1438.449888287663,0.5,
1243,5,3,1438.449888287663,0.5,
1244,5,4,1438.449888287663,0.5121797736413465,0.4613916914804429
1245,5,5,1438.449888287663,0.48812431702770454,0.5264665854881455
1246,5,6,1438.449888287663,0.5037954999078178,0.49147568725583735
1247,5,7,1438.449888287663,0.49309024849153316,0.5345856960855337
1248,5,8,1438.449888287663,0.4741907261592301,0.5233941316415543
1249,5,9,1438.449888287663,0.4792355466915804,0.5083352603177873
1250,5,10,1438.449888287663,0.4688590166984511,0.5054545750808613
1251,6,2,1438.449888287663,0.5,
1252,6,3,1438.449888287663,0.509768133030746,0.44076595327880896
1253,6,4,1438.449888287663,0.48620440389623676,0.5725091514720425
1254,6,5,1438.449888287663,0.5032333349540526,0.49728660029378163
1255,6,6,1438.449888287663,0.49012888574402896,0.5293864631469819
1256,6,7,1438.449888287663,0.4657510235254348,0.5042653614603425
1257,6,8,1438.449888287663,0.4605112896971886,0.5431408162199488
1258,6,9,1438.449888287663,0.45776152713804075,0.5329188409015211
1259,6,10,1438.449888287663,0.4807163616369492,0.5018667923868328
1260,7,2,1438.449888287663,0.5,
1261,7,3,1438.449888287663,0.5026386835072106,0.4881683800717805
1262,7,4,1438.449888287663,0.49380339309349053,0.5394636015325671
1263,7,5,1438.449888287663,0.49004993993448365,0.5365509107757308
1264,7,6,1438.449888287663,0.448567641961464,0.5205634196474842
1265,7,7,1438.449888287663,0.4611246317407455,0.5353568516145429
1266,7,8,1438.449888287663,0.44044976008021197,0.5109139354483048
1267,7,9,1438.449888287663,,0.5
1268,7,10,1438.449888287663,,0.5
1269,8,2,1438.449888287663,0.5,
1270,8,3,1438.449888287663,0.4940112940970037,0.5276223531334386
1271,8,4,1438.449888287663,0.5007123497768974,0.4979963839753011
1272,8,5,1438.449888287663,0.47600738650825025,0.5251820233148989
1273,8,6,1438.449888287663,0.44403330249768735,0.5035695321257891
1274,8,7,1438.449888287663,0.4077610520235142,0.5179921920050904
1275,8,8,1438.449888287663,0.4995836802664446,0.5000027917520478
1276,8,9,1438.449888287663,,0.5
1277,8,10,1438.449888287663,,0.5
1278,9,2,1438.449888287663,0.5,
1279,9,3,1438.449888287663,0.4964999977992022,0.5601958161952105
1280,9,4,1438.449888287663,0.4837516265383013,0.5716643535016317
1281,9,5,1438.449888287663,0.4790364523929011,0.5789591952731551
1282,9,6,1438.449888287663,,0.5
1283,9,7,1438.449888287663,0.5620901426043511,0.4991617399271775
1284,9,8,1438.449888287663,,0.5
1285,9,9,1438.449888287663,,0.5
1286,9,10,1438.449888287663,,0.5
1287,10,2,1438.449888287663,0.5,
1288,10,3,1438.449888287663,0.4942739963835766,0.5911468718478031
1289,10,4,1438.449888287663,0.49703267246396515,0.5014378256206734
1290,10,5,1438.449888287663,0.33296337402885684,0.5004184053889502
1291,10,6,1438.449888287663,,0.5
1292,10,7,1438.449888287663,,0.5
1293,10,8,1438.449888287663,,0.5
1294,10,9,1438.449888287663,,0.5
1295,10,10,1438.449888287663,,0.5
1296,2,2,2335.7214690901214,0.5,
1297,2,3,2335.7214690901214,0.5,
1298,2,4,2335.7214690901214,0.5,
1299,2,5,2335.7214690901214,0.5,
1300,2,6,2335.7214690901214,0.5,
1301,2,7,2335.7214690901214,0.5,
1302,2,8,2335.7214690901214,0.5,
1303,2,9,2335.7214690901214,0.5,
1304,2,10,2335.7214690901214,0.5,
1305,3,2,2335.7214690901214,0.5,
1306,3,3,2335.7214690901214,0.5,
1307,3,4,2335.7214690901214,0.5,
1308,3,5,2335.7214690901214,0.5,
1309,3,6,2335.7214690901214,0.5,
1310,3,7,2335.7214690901214,0.503916464157282,0.40385432903500074
1311,3,8,2335.7214690901214,0.5078952506111936,0.34445146104828056
1312,3,9,2335.7214690901214,0.49291709223322533,0.6048652202498356
1313,3,10,2335.7214690901214,0.4987433458905452,0.6359781950333131
1314,4,2,2335.7214690901214,0.5,
1315,4,3,2335.7214690901214,0.5,
1316,4,4,2335.7214690901214,0.5,
1317,4,5,2335.7214690901214,0.5,
1318,4,6,2335.7214690901214,0.49872898122080433,0.5479746427420221
1319,4,7,2335.7214690901214,0.4991581489481114,0.5380476556495004
1320,4,8,2335.7214690901214,0.49528818132526065,0.648269031648134
1321,4,9,2335.7214690901214,0.4991581489481114,0.5380476556495004
1322,4,10,2335.7214690901214,0.49344339643312585,0.6225595936979494
1323,5,2,2335.7214690901214,0.5,
1324,5,3,2335.7214690901214,0.5,
1325,5,4,2335.7214690901214,0.5,
1326,5,5,2335.7214690901214,0.49658968529376574,0.6246096189881324
1327,5,6,2335.7214690901214,0.5012559245665529,0.1997336884154461
1328,5,7,2335.7214690901214,0.49394626962244886,0.6454523371620918
1329,5,8,2335.7214690901214,0.48833277375413686,0.6440627776132661
1330,5,9,2335.7214690901214,0.48078728918604213,0.6492559089582726
1331,5,10,2335.7214690901214,0.47688021535224945,0.609127393283736
1332,6,2,2335.7214690901214,0.5,
1333,6,3,2335.7214690901214,0.5,
1334,6,4,2335.7214690901214,0.5,
1335,6,5,2335.7214690901214,0.5004226070313428,0.44403330249768735
1336,6,6,2335.7214690901214,0.49830053590812357,0.5620901426043511
1337,6,7,2335.7214690901214,0.49830925734659515,0.5829285218598195
1338,6,8,2335.7214690901214,0.47970363651110776,0.6047302202823782
1339,6,9,2335.7214690901214,0.47408588929872947,0.5781892316433275
1340,6,10,2335.7214690901214,0.46571027586113534,0.5546642878211262
1341,7,2,2335.7214690901214,0.5,
1342,7,3,2335.7214690901214,0.5,
1343,7,4,2335.7214690901214,0.5,
1344,7,5,2335.7214690901214,0.49530289183320525,0.6662965019433648
1345,7,6,2335.7214690901214,0.49389694891153274,0.6202975130664522
1346,7,7,2335.7214690901214,0.48268555916043165,0.5893406217970618
1347,7,8,2335.7214690901214,0.4651253434846723,0.562090142604351
1348,7,9,2335.7214690901214,0.46500625610826496,0.5281135444120486
1349,7,10,2335.7214690901214,0.459420189580018,0.5174413417789276
1350,8,2,2335.7214690901214,0.5,
1351,8,3,2335.7214690901214,0.5,
1352,8,4,2335.7214690901214,0.5004212017919207,0.4281636536631779
1353,8,5,2335.7214690901214,0.49656385285272775,0.5948368164333585
1354,8,6,2335.7214690901214,0.4801668458535087,0.6194905761457167
1355,8,7,2335.7214690901214,0.47217934702139613,0.5601160553454269
1356,8,8,2335.7214690901214,0.4654947300698242,0.536338040999684
1357,8,9,2335.7214690901214,,0.5
1358,8,10,2335.7214690901214,0.6359781950333131,0.4987433458905452
1359,9,2,2335.7214690901214,0.5,
1360,9,3,2335.7214690901214,0.5,
1361,9,4,2335.7214690901214,0.4991659699025736,0.7496876301541024
1362,9,5,2335.7214690901214,0.4877657392254789,0.6332767122384023
1363,9,6,2335.7214690901214,0.4817077351076536,0.5607409448724554
1364,9,7,2335.7214690901214,0.476716828968575,0.5480569469404402
1365,9,8,2335.7214690901214,0.33296337402885684,0.5047207069511732
1366,9,9,2335.7214690901214,0.33296337402885684,0.5004184053889502
1367,9,10,2335.7214690901214,,0.5
1368,10,2,2335.7214690901214,0.5,
1369,10,3,2335.7214690901214,0.5,
1370,10,4,2335.7214690901214,0.49916666666666665,1.0
1371,10,5,2335.7214690901214,0.48979736967256465,0.648971380362126
1372,10,6,2335.7214690901214,0.4884017876143861,0.5126274328081557
1373,10,7,2335.7214690901214,0.4746441157973428,0.5136865657939403
1374,10,8,2335.7214690901214,,0.5
1375,10,9,2335.7214690901214,,0.5
1376,10,10,2335.7214690901214,,0.5
1377,2,2,3792.690190732246,0.5,
1378,2,3,3792.690190732246,0.5,
1379,2,4,3792.690190732246,0.5,
1380,2,5,3792.690190732246,0.5,
1381,2,6,3792.690190732246,0.5,
1382,2,7,3792.690190732246,0.5,
1383,2,8,3792.690190732246,0.5,
1384,2,9,3792.690190732246,0.5,
1385,2,10,3792.690190732246,0.5,
1386,3,2,3792.690190732246,0.5,
1387,3,3,3792.690190732246,0.5,
1388,3,4,3792.690190732246,0.5,
1389,3,5,3792.690190732246,0.5,
1390,3,6,3792.690190732246,0.5,
1391,3,7,3792.690190732246,0.5,
1392,3,8,3792.690190732246,0.5,
1393,3,9,3792.690190732246,0.5000020903097421,0.4995836802664446
1394,3,10,3792.690190732246,0.5,
1395,4,2,3792.690190732246,0.5,
1396,4,3,3792.690190732246,0.5,
1397,4,4,3792.690190732246,0.5,
1398,4,5,3792.690190732246,0.5,
1399,4,6,3792.690190732246,0.5,
1400,4,7,3792.690190732246,0.5,
1401,4,8,3792.690190732246,0.5000020903097421,0.4995836802664446
1402,4,9,3792.690190732246,0.4995836802664446,1.0
1403,4,10,3792.690190732246,0.4983242379372396,0.6996501749125437
1404,5,2,3792.690190732246,0.5,
1405,5,3,3792.690190732246,0.5,
1406,5,4,3792.690190732246,0.5,
1407,5,5,3792.690190732246,0.5,
1408,5,6,3792.690190732246,0.5,
1409,5,7,3792.690190732246,0.4995836802664446,1.0
1410,5,8,3792.690190732246,0.4995836802664447,0.5551443375277572
1411,5,9,3792.690190732246,0.49785358264427093,0.5551443375277572
1412,5,10,3792.690190732246,0.4944642735353627,0.7238051470588235
1413,6,2,3792.690190732246,0.5,
1414,6,3,3792.690190732246,0.5,
1415,6,4,3792.690190732246,0.5,
1416,6,5,3792.690190732246,0.5,
1417,6,6,3792.690190732246,0.5,
1418,6,7,3792.690190732246,0.5,
1419,6,8,3792.690190732246,0.4983221194516496,0.6662965019433649
1420,6,9,3792.690190732246,0.4965586327797784,0.590506472859414
1421,6,10,3792.690190732246,0.4884529949256644,0.6662965019433648
1422,7,2,3792.690190732246,0.5,
1423,7,3,3792.690190732246,0.5,
1424,7,4,3792.690190732246,0.5,
1425,7,5,3792.690190732246,0.5,
1426,7,6,3792.690190732246,0.5,
1427,7,7,3792.690190732246,0.4995836802664446,0.6662965019433649
1428,7,8,3792.690190732246,0.4939947421777007,0.6838506049447659
1429,7,9,3792.690190732246,0.49573426364230777,0.6558742387174015
1430,7,10,3792.690190732246,0.4888504269621416,0.6502237652772481
1431,8,2,3792.690190732246,0.5,
1432,8,3,3792.690190732246,0.5,
1433,8,4,3792.690190732246,0.5,
1434,8,5,3792.690190732246,0.5,
1435,8,6,3792.690190732246,0.5,
1436,8,7,3792.690190732246,0.4995836802664446,0.6662965019433649
1437,8,8,3792.690190732246,0.49149868834476335,0.8844452989809652
1438,8,9,3792.690190732246,0.49235049935181374,0.5890706358807132
1439,8,10,3792.690190732246,0.48460071266985055,0.5462539414664476
1440,9,2,3792.690190732246,0.5,
1441,9,3,3792.690190732246,0.5,
1442,9,4,3792.690190732246,0.5,
1443,9,5,3792.690190732246,0.5,
1444,9,6,3792.690190732246,0.5,
1445,9,7,3792.690190732246,0.4974881316138074,0.8748177463028536
1446,9,8,3792.690190732246,0.49358031391479457,0.7139457401237506
1447,9,9,3792.690190732246,0.4917927693336223,0.5814129546073948
1448,9,10,3792.690190732246,0.48193715226079464,0.5177360315698063
1449,10,2,3792.690190732246,0.5,
1450,10,3,3792.690190732246,0.5,
1451,10,4,3792.690190732246,0.5,
1452,10,5,3792.690190732246,0.5,
1453,10,6,3792.690190732246,0.5,
1454,10,7,3792.690190732246,0.49832845363496886,0.8331019161344071
1455,10,8,3792.690190732246,0.48903905727551683,0.6980618207779159
1456,10,9,3792.690190732246,0.48038307864674185,0.5232209579061473
1457,10,10,3792.690190732246,0.47871327673798003,0.5180457735202262
1458,2,2,6158.48211066026,0.5,
1459,2,3,6158.48211066026,0.5,
1460,2,4,6158.48211066026,0.5,
1461,2,5,6158.48211066026,0.5,
1462,2,6,6158.48211066026,0.5,
1463,2,7,6158.48211066026,0.5,
1464,2,8,6158.48211066026,0.5,
1465,2,9,6158.48211066026,0.5,
1466,2,10,6158.48211066026,0.5,
1467,3,2,6158.48211066026,0.5,
1468,3,3,6158.48211066026,0.5,
1469,3,4,6158.48211066026,0.5,
1470,3,5,6158.48211066026,0.5,
1471,3,6,6158.48211066026,0.5,
1472,3,7,6158.48211066026,0.5,
1473,3,8,6158.48211066026,0.5,
1474,3,9,6158.48211066026,0.5,
1475,3,10,6158.48211066026,0.5,
1476,4,2,6158.48211066026,0.5,
1477,4,3,6158.48211066026,0.5,
1478,4,4,6158.48211066026,0.5,
1479,4,5,6158.48211066026,0.5,
1480,4,6,6158.48211066026,0.5,
1481,4,7,6158.48211066026,0.5,
1482,4,8,6158.48211066026,0.5,
1483,4,9,6158.48211066026,0.5,
1484,4,10,6158.48211066026,0.5,
1485,5,2,6158.48211066026,0.5,
1486,5,3,6158.48211066026,0.5,
1487,5,4,6158.48211066026,0.5,
1488,5,5,6158.48211066026,0.5,
1489,5,6,6158.48211066026,0.5,
1490,5,7,6158.48211066026,0.5,
1491,5,8,6158.48211066026,0.5,
1492,5,9,6158.48211066026,0.5,
1493,5,10,6158.48211066026,0.5,
1494,6,2,6158.48211066026,0.5,
1495,6,3,6158.48211066026,0.5,
1496,6,4,6158.48211066026,0.5,
1497,6,5,6158.48211066026,0.5,
1498,6,6,6158.48211066026,0.5,
1499,6,7,6158.48211066026,0.5,
1500,6,8,6158.48211066026,0.5,
1501,6,9,6158.48211066026,0.5,
1502,6,10,6158.48211066026,0.5,
1503,7,2,6158.48211066026,0.5,
1504,7,3,6158.48211066026,0.5,
1505,7,4,6158.48211066026,0.5,
1506,7,5,6158.48211066026,0.5,
1507,7,6,6158.48211066026,0.5,
1508,7,7,6158.48211066026,0.5,
1509,7,8,6158.48211066026,0.5,
1510,7,9,6158.48211066026,0.5,
1511,7,10,6158.48211066026,0.5,
1512,8,2,6158.48211066026,0.5,
1513,8,3,6158.48211066026,0.5,
1514,8,4,6158.48211066026,0.5,
1515,8,5,6158.48211066026,0.5,
1516,8,6,6158.48211066026,0.5,
1517,8,7,6158.48211066026,0.5,
1518,8,8,6158.48211066026,0.5,
1519,8,9,6158.48211066026,0.5,
1520,8,10,6158.48211066026,0.5,
1521,9,2,6158.48211066026,0.5,
1522,9,3,6158.48211066026,0.5,
1523,9,4,6158.48211066026,0.5,
1524,9,5,6158.48211066026,0.5,
1525,9,6,6158.48211066026,0.5,
1526,9,7,6158.48211066026,0.5,
1527,9,8,6158.48211066026,0.5,
1528,9,9,6158.48211066026,0.5,
1529,9,10,6158.48211066026,0.5,
1530,10,2,6158.48211066026,0.5,
1531,10,3,6158.48211066026,0.5,
1532,10,4,6158.48211066026,0.5,
1533,10,5,6158.48211066026,0.5,
1534,10,6,6158.48211066026,0.5,
1535,10,7,6158.48211066026,0.5,
1536,10,8,6158.48211066026,0.5,
1537,10,9,6158.48211066026,0.5,
1538,10,10,6158.48211066026,0.5,
1539,2,2,10000.0,0.5,
1540,2,3,10000.0,0.5,
1541,2,4,10000.0,0.5,
1542,2,5,10000.0,0.5,
1543,2,6,10000.0,0.5,
1544,2,7,10000.0,0.5,
1545,2,8,10000.0,0.5,
1546,2,9,10000.0,0.5,
1547,2,10,10000.0,0.5,
1548,3,2,10000.0,0.5,
1549,3,3,10000.0,0.5,
1550,3,4,10000.0,0.5,
1551,3,5,10000.0,0.5,
1552,3,6,10000.0,0.5,
1553,3,7,10000.0,0.5,
1554,3,8,10000.0,0.5,
1555,3,9,10000.0,0.5,
1556,3,10,10000.0,0.5,
1557,4,2,10000.0,0.5,
1558,4,3,10000.0,0.5,
1559,4,4,10000.0,0.5,
1560,4,5,10000.0,0.5,
1561,4,6,10000.0,0.5,
1562,4,7,10000.0,0.5,
1563,4,8,10000.0,0.5,
1564,4,9,10000.0,0.5,
1565,4,10,10000.0,0.5,
1566,5,2,10000.0,0.5,
1567,5,3,10000.0,0.5,
1568,5,4,10000.0,0.5,
1569,5,5,10000.0,0.5,
1570,5,6,10000.0,0.5,
1571,5,7,10000.0,0.5,
1572,5,8,10000.0,0.5,
1573,5,9,10000.0,0.5,
1574,5,10,10000.0,0.5,
1575,6,2,10000.0,0.5,
1576,6,3,10000.0,0.5,
1577,6,4,10000.0,0.5,
1578,6,5,10000.0,0.5,
1579,6,6,10000.0,0.5,
1580,6,7,10000.0,0.5,
1581,6,8,10000.0,0.5,
1582,6,9,10000.0,0.5,
1583,6,10,10000.0,0.5,
1584,7,2,10000.0,0.5,
1585,7,3,10000.0,0.5,
1586,7,4,10000.0,0.5,
1587,7,5,10000.0,0.5,
1588,7,6,10000.0,0.5,
1589,7,7,10000.0,0.5,
1590,7,8,10000.0,0.5,
1591,7,9,10000.0,0.5,
1592,7,10,10000.0,0.5,
1593,8,2,10000.0,0.5,
1594,8,3,10000.0,0.5,
1595,8,4,10000.0,0.5,
1596,8,5,10000.0,0.5,
1597,8,6,10000.0,0.5,
1598,8,7,10000.0,0.5,
1599,8,8,10000.0,0.5,
1600,8,9,10000.0,0.5,
1601,8,10,10000.0,0.5,
1602,9,2,10000.0,0.5,
1603,9,3,10000.0,0.5,
1604,9,4,10000.0,0.5,
1605,9,5,10000.0,0.5,
1606,9,6,10000.0,0.5,
1607,9,7,10000.0,0.5,
1608,9,8,10000.0,0.5,
1609,9,9,10000.0,0.5,
1610,9,10,10000.0,0.5,
1611,10,2,10000.0,0.5,
1612,10,3,10000.0,0.5,
1613,10,4,10000.0,0.5,
1614,10,5,10000.0,0.5,
1615,10,6,10000.0,0.5,
1616,10,7,10000.0,0.5,
1617,10,8,10000.0,0.5,
1618,10,9,10000.0,0.5,
1619,10,10,10000.0,0.5,
