,threshold,N,n,errors,p,k,type,g,U
0,-1.5,100,1,0,0.01,0,known,100,-1
1,-1.5,100,2,0,0.01,0,known,100,-1
2,-1.5,100,2,1,0.01,1,known,100,-1
3,-1.5,100,2,2,0.01,2,new,100,-1
4,-1.5,100,5,0,0.01,0,known,100,-1
5,-1.5,100,5,1,0.01,1,known,100,-1
6,-1.5,100,5,2,0.01,2,known,100,-1
7,-1.5,100,5,2,0.01,2,known,100,-1
8,-1.5,100,5,1,0.01,1,known,100,-1
9,-1.5,100,5,1,0.01,1,new,100,-1
10,-1.5,100,5,2,0.01,2,new,100,-1
11,-1.5,100,5,1,0.01,1,new,100,-1
12,-1.5,100,5,1,0.01,1,new,100,-1
13,-1.5,100,10,0,0.01,0,known,100,-1
14,-1.5,100,10,1,0.01,1,known,100,-1
15,-1.5,100,10,2,0.01,2,known,100,-1
16,-1.5,100,10,2,0.01,2,known,100,-1
17,-1.5,100,10,1,0.01,1,known,100,-1
18,-1.5,100,10,0,0.01,0,known,100,-1
19,-1.5,100,10,1,0.01,1,known,100,-1
20,-1.5,100,10,2,0.01,2,known,100,-1
21,-1.5,100,10,1,0.01,1,known,100,-1
22,-1.5,100,10,1,0.01,1,known,100,-1
23,-1.5,100,10,1,0.01,51,new,100,-1
24,-1.5,100,10,1,0.01,1,new,100,-1
25,-1.5,100,10,2,0.01,2,new,100,-1
26,-1.5,100,10,2,0.01,2,new,100,-1
27,-1.5,100,10,1,0.01,1,new,100,-1
28,-1.5,100,10,1,0.01,1,new,100,-1
29,-1.5,100,10,1,0.01,15,new,100,-1
30,-1.5,100,10,2,0.01,2,new,100,-1
31,-1.5,100,10,1,0.01,7,new,100,-1
32,-1.5,100,15,0,0.01,0,known,100,-1
33,-1.5,100,15,1,0.01,1,known,100,-1
34,-1.5,100,15,2,0.01,2,known,100,-1
35,-1.5,100,15,2,0.01,2,known,100,-1
36,-1.5,100,15,1,0.01,1,known,100,-1
37,-1.5,100,15,0,0.01,0,known,100,-1
38,-1.5,100,15,1,0.01,1,known,100,-1
39,-1.5,100,15,2,0.01,2,known,100,-1
40,-1.5,100,15,1,0.01,1,known,100,-1
41,-1.5,100,15,1,0.01,1,known,100,-1
42,-1.5,100,15,1,0.01,46,known,100,-1
43,-1.5,100,15,0,0.01,0,known,100,-1
44,-1.5,100,15,1,0.01,1,known,100,-1
45,-1.5,100,15,2,0.01,2,known,100,-1
46,-1.5,100,15,2,0.01,2,known,100,-1
47,-1.5,100,15,2,0.01,230,new,100,-1
48,-1.5,100,15,1,0.01,15,new,100,-1
49,-1.5,100,15,2,0.01,2,new,100,-1
50,-1.5,100,15,1,0.01,7,new,100,-1
51,-1.5,100,15,2,0.01,2,new,100,-1
52,-1.5,100,15,1,0.01,1,new,100,-1
53,-1.5,100,15,1,0.01,1,new,100,-1
54,-1.5,100,15,1,0.01,1,new,100,-1
55,-1.5,100,15,2,0.01,110,new,100,-1
56,-1.5,100,15,2,0.01,2,new,100,-1
57,-1.5,100,15,1,0.01,1,new,100,-1
58,-1.5,100,15,1,0.01,1,new,100,-1
59,-1.5,100,15,2,0.01,49,new,100,-1
60,-1.5,100,15,2,0.01,2,new,100,-1
61,-1.5,100,50,0,0.01,0,known,100,-1
62,-1.5,100,50,4,0.01,174,known,100,-1
63,-1.5,100,50,3,0.01,185,known,100,-1
64,-1.5,100,50,3,0.01,185,known,100,-1
65,-1.5,100,50,4,0.01,185,known,100,-1
66,-1.5,100,50,0,0.01,0,known,100,-1
67,-1.5,100,50,4,0.01,174,known,100,-1
68,-1.5,100,50,3,0.01,185,known,100,-1
69,-1.5,100,50,2,0.01,263,known,100,-1
70,-1.5,100,50,4,0.01,174,known,100,-1
71,-1.5,100,50,4,0.01,174,known,100,-1
72,-1.5,100,50,0,0.01,0,known,100,-1
73,-1.5,100,50,4,0.01,174,known,100,-1
74,-1.5,100,50,3,0.01,185,known,100,-1
75,-1.5,100,50,3,0.01,185,known,100,-1
76,-1.5,100,50,2,0.01,46,known,100,-1
77,-1.5,100,50,4,0.01,174,known,100,-1
78,-1.5,100,50,0,0.01,0,known,100,-1
79,-1.5,100,50,3,0.01,185,known,100,-1
80,-1.5,100,50,0,0.01,0,known,100,-1
81,-1.5,100,50,3,0.01,185,known,100,-1
82,-1.5,100,50,4,0.01,186,known,100,-1
83,-1.5,100,50,4,0.01,174,known,100,-1
84,-1.5,100,50,0,0.01,0,known,100,-1
85,-1.5,100,50,0,0.01,0,known,100,-1
86,-1.5,100,50,3,0.01,185,known,100,-1
87,-1.5,100,50,2,0.01,174,known,100,-1
88,-1.5,100,50,4,0.01,174,known,100,-1
89,-1.5,100,50,0,0.01,0,known,100,-1
90,-1.5,100,50,3,0.01,185,known,100,-1
91,-1.5,100,50,4,0.01,244,known,100,-1
92,-1.5,100,50,3,0.01,185,known,100,-1
93,-1.5,100,50,0,0.01,0,known,100,-1
94,-1.5,100,50,3,0.01,185,known,100,-1
95,-1.5,100,50,4,0.01,335,known,100,-1
96,-1.5,100,50,4,0.01,174,known,100,-1
97,-1.5,100,50,3,0.01,185,known,100,-1
98,-1.5,100,50,0,0.01,0,known,100,-1
99,-1.5,100,50,4,0.01,174,known,100,-1
100,-1.5,100,50,3,0.01,185,known,100,-1
101,-1.5,100,50,4,0.01,174,known,100,-1
102,-1.5,100,50,3,0.01,185,known,100,-1
103,-1.5,100,50,2,0.01,185,known,100,-1
104,-1.5,100,50,3,0.01,185,known,100,-1
105,-1.5,100,50,4,0.01,335,known,100,-1
106,-1.5,100,50,3,0.01,185,known,100,-1
107,-1.5,100,50,3,0.01,185,known,100,-1
108,-1.5,100,50,3,0.01,185,known,100,-1
109,-1.5,100,50,3,0.01,185,known,100,-1
110,-1.5,100,50,4,0.01,228,known,100,-1
111,-1.5,100,50,4,0.01,174,new,100,-1
112,-1.5,100,50,3,0.01,185,new,100,-1
113,-1.5,100,50,1,0.01,101,new,100,-1
114,-1.5,100,50,3,0.01,185,new,100,-1
115,-1.5,100,50,6,0.01,228,new,100,-1
116,-1.5,100,50,0,0.01,0,new,100,-1
117,-1.5,100,50,4,0.01,174,new,100,-1
118,-1.5,100,50,3,0.01,185,new,100,-1
119,-1.5,100,50,4,0.01,228,new,100,-1
120,-1.5,100,50,3,0.01,185,new,100,-1
121,-1.5,100,50,1,0.01,4,new,100,-1
122,-1.5,100,50,3,0.01,185,new,100,-1
123,-1.5,100,50,3,0.01,185,new,100,-1
124,-1.5,100,50,4,0.01,174,new,100,-1
125,-1.5,100,50,3,0.01,103,new,100,-1
126,-1.5,100,50,4,0.01,213,new,100,-1
127,-1.5,100,50,3,0.01,185,new,100,-1
128,-1.5,100,50,4,0.01,379,new,100,-1
129,-1.5,100,50,4,0.01,597,new,100,-1
130,-1.5,100,50,3,0.01,185,new,100,-1
131,-1.5,100,50,3,0.01,185,new,100,-1
132,-1.5,100,50,4,0.01,174,new,100,-1
133,-1.5,100,50,3,0.01,185,new,100,-1
134,-1.5,100,50,0,0.01,0,new,100,-1
135,-1.5,100,50,2,0.01,174,new,100,-1
136,-1.5,100,50,7,0.01,555,new,100,-1
137,-1.5,100,50,3,0.01,185,new,100,-1
138,-1.5,100,50,0,0.01,0,new,100,-1
139,-1.5,100,50,0,0.01,0,new,100,-1
140,-1.5,100,50,3,0.01,185,new,100,-1
141,-1.5,100,50,4,0.01,174,new,100,-1
142,-1.5,100,50,3,0.01,288,new,100,-1
143,-1.5,100,50,4,0.01,174,new,100,-1
144,-1.5,100,50,4,0.01,174,new,100,-1
145,-1.5,100,50,3,0.01,185,new,100,-1
146,-1.5,100,50,2,0.01,46,new,100,-1
147,-1.5,100,50,4,0.01,335,new,100,-1
148,-1.5,100,50,4,0.01,174,new,100,-1
149,-1.5,100,50,1,0.01,23,new,100,-1
150,-1.5,100,50,3,0.01,185,new,100,-1
151,-1.5,100,50,3,0.01,185,new,100,-1
152,-1.5,100,50,4,0.01,230,new,100,-1
153,-1.5,100,50,4,0.01,82,new,100,-1
154,-1.5,100,50,0,0.01,0,new,100,-1
155,-1.5,100,50,4,0.01,116,new,100,-1
156,-1.5,100,50,2,0.01,62,new,100,-1
157,-1.5,100,50,1,0.01,32,new,100,-1
158,-1.5,100,50,5,0.01,335,new,100,-1
159,-1.5,100,50,4,0.01,174,new,100,-1
160,-1.5,100,100,0,0.01,0,known,100,-1
161,-1.5,100,100,4,0.01,174,known,100,-1
162,-1.5,100,100,3,0.01,185,known,100,-1
163,-1.5,100,100,3,0.01,185,known,100,-1
164,-1.5,100,100,4,0.01,185,known,100,-1
165,-1.5,100,100,0,0.01,0,known,100,-1
166,-1.5,100,100,4,0.01,207,known,100,-1
167,-1.5,100,100,3,0.01,185,known,100,-1
168,-1.5,100,100,2,0.01,263,known,100,-1
169,-1.5,100,100,4,0.01,174,known,100,-1
170,-1.5,100,100,4,0.01,174,known,100,-1
171,-1.5,100,100,0,0.01,0,known,100,-1
172,-1.5,100,100,2,0.01,135,known,100,-1
173,-1.5,100,100,3,0.01,185,known,100,-1
174,-1.5,100,100,3,0.01,185,known,100,-1
175,-1.5,100,100,2,0.01,207,known,100,-1
176,-1.5,100,100,4,0.01,174,known,100,-1
177,-1.5,100,100,0,0.01,0,known,100,-1
178,-1.5,100,100,3,0.01,185,known,100,-1
179,-1.5,100,100,0,0.01,0,known,100,-1
180,-1.5,100,100,3,0.01,185,known,100,-1
181,-1.5,100,100,4,0.01,186,known,100,-1
182,-1.5,100,100,4,0.01,174,known,100,-1
183,-1.5,100,100,0,0.01,0,known,100,-1
184,-1.5,100,100,0,0.01,0,known,100,-1
185,-1.5,100,100,3,0.01,185,known,100,-1
186,-1.5,100,100,2,0.01,174,known,100,-1
187,-1.5,100,100,4,0.01,174,known,100,-1
188,-1.5,100,100,0,0.01,0,known,100,-1
189,-1.5,100,100,3,0.01,185,known,100,-1
190,-1.5,100,100,4,0.01,244,known,100,-1
191,-1.5,100,100,3,0.01,185,known,100,-1
192,-1.5,100,100,0,0.01,0,known,100,-1
193,-1.5,100,100,3,0.01,185,known,100,-1
194,-1.5,100,100,4,0.01,335,known,100,-1
195,-1.5,100,100,4,0.01,174,known,100,-1
196,-1.5,100,100,3,0.01,185,known,100,-1
197,-1.5,100,100,0,0.01,0,known,100,-1
198,-1.5,100,100,4,0.01,174,known,100,-1
199,-1.5,100,100,3,0.01,185,known,100,-1
200,-1.5,100,100,4,0.01,174,known,100,-1
201,-1.5,100,100,3,0.01,185,known,100,-1
202,-1.5,100,100,2,0.01,185,known,100,-1
203,-1.5,100,100,3,0.01,185,known,100,-1
204,-1.5,100,100,2,0.01,222,known,100,-1
205,-1.5,100,100,3,0.01,185,known,100,-1
206,-1.5,100,100,3,0.01,185,known,100,-1
207,-1.5,100,100,3,0.01,185,known,100,-1
208,-1.5,100,100,3,0.01,185,known,100,-1
209,-1.5,100,100,2,0.01,90,known,100,-1
210,-1.5,100,100,4,0.01,174,known,100,-1
211,-1.5,100,100,4,0.01,174,known,100,-1
212,-1.5,100,100,3,0.01,185,known,100,-1
213,-1.5,100,100,0,0.01,0,known,100,-1
214,-1.5,100,100,3,0.01,185,known,100,-1
215,-1.5,100,100,2,0.01,90,known,100,-1
216,-1.5,100,100,0,0.01,0,known,100,-1
217,-1.5,100,100,4,0.01,174,known,100,-1
218,-1.5,100,100,3,0.01,185,known,100,-1
219,-1.5,100,100,4,0.01,228,known,100,-1
220,-1.5,100,100,3,0.01,185,known,100,-1
221,-1.5,100,100,0,0.01,0,known,100,-1
222,-1.5,100,100,3,0.01,185,known,100,-1
223,-1.5,100,100,3,0.01,185,known,100,-1
224,-1.5,100,100,4,0.01,174,known,100,-1
225,-1.5,100,100,3,0.01,180,known,100,-1
226,-1.5,100,100,4,0.01,213,known,100,-1
227,-1.5,100,100,3,0.01,185,known,100,-1
228,-1.5,100,100,4,0.01,379,known,100,-1
229,-1.5,100,100,4,0.01,597,known,100,-1
230,-1.5,100,100,3,0.01,185,known,100,-1
231,-1.5,100,100,3,0.01,185,known,100,-1
232,-1.5,100,100,4,0.01,174,known,100,-1
233,-1.5,100,100,3,0.01,185,known,100,-1
234,-1.5,100,100,3,0.01,645,known,100,-1
235,-1.5,100,100,2,0.01,174,known,100,-1
236,-1.5,100,100,1,0.01,141,known,100,-1
237,-1.5,100,100,3,0.01,185,known,100,-1
238,-1.5,100,100,3,0.01,207,known,100,-1
239,-1.5,100,100,4,0.01,360,known,100,-1
240,-1.5,100,100,3,0.01,185,known,100,-1
241,-1.5,100,100,3,0.01,90,known,100,-1
242,-1.5,100,100,3,0.01,288,known,100,-1
243,-1.5,100,100,4,0.01,174,known,100,-1
244,-1.5,100,100,4,0.01,174,known,100,-1
245,-1.5,100,100,3,0.01,185,known,100,-1
246,-1.5,100,100,2,0.01,207,known,100,-1
247,-1.5,100,100,4,0.01,283,known,100,-1
248,-1.5,100,100,4,0.01,174,known,100,-1
249,-1.5,100,100,0,0.01,0,known,100,-1
250,-1.5,100,100,3,0.01,185,known,100,-1
251,-1.5,100,100,3,0.01,185,known,100,-1
252,-1.5,100,100,4,0.01,230,known,100,-1
253,-1.5,100,100,0,0.01,0,known,100,-1
254,-1.5,100,100,3,0.01,135,known,100,-1
255,-1.5,100,100,0,0.01,0,known,100,-1
256,-1.5,100,100,0,0.01,0,known,100,-1
257,-1.5,100,100,0,0.01,0,known,100,-1
258,-1.5,100,100,1,0.01,283,known,100,-1
259,-1.5,100,100,4,0.01,174,known,100,-1
260,-1.5,100,100,3,0.01,185,new,100,-1
261,-1.5,100,100,4,0.01,174,new,100,-1
262,-1.5,100,100,3,0.01,174,new,100,-1
263,-1.5,100,100,4,0.01,174,new,100,-1
264,-1.5,100,100,4,0.01,174,new,100,-1
265,-1.5,100,100,4,0.01,174,new,100,-1
266,-1.5,100,100,1,0.01,36,new,100,-1
267,-1.5,100,100,1,0.01,46,new,100,-1
268,-1.5,100,100,4,0.01,174,new,100,-1
269,-1.5,100,100,3,0.01,185,new,100,-1
270,-1.5,100,100,3,0.01,185,new,100,-1
271,-1.5,100,100,3,0.01,185,new,100,-1
272,-1.5,100,100,2,0.01,65,new,100,-1
273,-1.5,100,100,4,0.01,174,new,100,-1
274,-1.5,100,100,3,0.01,185,new,100,-1
275,-1.5,100,100,3,0.01,185,new,100,-1
276,-1.5,100,100,3,0.01,185,new,100,-1
277,-1.5,100,100,3,0.01,185,new,100,-1
278,-1.5,100,100,2,0.01,185,new,100,-1
279,-1.5,100,100,3,0.01,185,new,100,-1
280,-1.5,100,100,4,0.01,244,new,100,-1
281,-1.5,100,100,3,0.01,185,new,100,-1
282,-1.5,100,100,4,0.01,174,new,100,-1
283,-1.5,100,100,3,0.01,185,new,100,-1
284,-1.5,100,100,3,0.01,185,new,100,-1
285,-1.5,100,100,4,0.01,234,new,100,-1
286,-1.5,100,100,4,0.01,335,new,100,-1
287,-1.5,100,100,5,0.01,349,new,100,-1
288,-1.5,100,100,4,0.01,251,new,100,-1
289,-1.5,100,100,0,0.01,0,new,100,-1
290,-1.5,100,100,5,0.01,210,new,100,-1
291,-1.5,100,100,3,0.01,185,new,100,-1
292,-1.5,100,100,4,0.01,174,new,100,-1
293,-1.5,100,100,3,0.01,70,new,100,-1
294,-1.5,100,100,3,0.01,185,new,100,-1
295,-1.5,100,100,4,0.01,174,new,100,-1
296,-1.5,100,100,0,0.01,0,new,100,-1
297,-1.5,100,100,3,0.01,185,new,100,-1
298,-1.5,100,100,3,0.01,201,new,100,-1
299,-1.5,100,100,4,0.01,174,new,100,-1
300,-1.5,100,100,4,0.01,244,new,100,-1
301,-1.5,100,100,3,0.01,185,new,100,-1
302,-1.5,100,100,2,0.01,288,new,100,-1
303,-1.5,100,100,3,0.01,185,new,100,-1
304,-1.5,100,100,4,0.01,174,new,100,-1
305,-1.5,100,100,4,0.01,174,new,100,-1
306,-1.5,100,100,4,0.01,228,new,100,-1
307,-1.5,100,100,4,0.01,174,new,100,-1
308,-1.5,100,100,3,0.01,185,new,100,-1
309,-1.5,100,100,4,0.01,206,new,100,-1
310,-1.5,100,100,2,0.01,186,new,100,-1
311,-1.5,100,100,0,0.01,0,new,100,-1
312,-1.5,100,100,4,0.01,213,new,100,-1
313,-1.5,100,100,3,0.01,185,new,100,-1
314,-1.5,100,100,4,0.01,174,new,100,-1
315,-1.5,100,100,3,0.01,185,new,100,-1
316,-1.5,100,100,5,0.01,135,new,100,-1
317,-1.5,100,100,3,0.01,335,new,100,-1
318,-1.5,100,100,3,0.01,185,new,100,-1
319,-1.5,100,100,4,0.01,251,new,100,-1
320,-1.5,100,100,3,0.01,185,new,100,-1
321,-1.5,100,100,4,0.01,379,new,100,-1
322,-1.5,100,100,3,0.01,185,new,100,-1
323,-1.5,100,100,6,0.01,222,new,100,-1
324,-1.5,100,100,4,0.01,213,new,100,-1
325,-1.5,100,100,5,0.01,645,new,100,-1
326,-1.5,100,100,4,0.01,174,new,100,-1
327,-1.5,100,100,4,0.01,210,new,100,-1
328,-1.5,100,100,3,0.01,283,new,100,-1
329,-1.5,100,100,3,0.01,70,new,100,-1
330,-1.5,100,100,3,0.01,185,new,100,-1
331,-1.5,100,100,3,0.01,70,new,100,-1
332,-1.5,100,100,4,0.01,174,new,100,-1
333,-1.5,100,100,1,0.01,46,new,100,-1
334,-1.5,100,100,3,0.01,185,new,100,-1
335,-1.5,100,100,3,0.01,174,new,100,-1
336,-1.5,100,100,3,0.01,185,new,100,-1
337,-1.5,100,100,2,0.01,135,new,100,-1
338,-1.5,100,100,2,0.01,44,new,100,-1
339,-1.5,100,100,2,0.01,24,new,100,-1
340,-1.5,100,100,4,0.01,550,new,100,-1
341,-1.5,100,100,0,0.01,0,new,100,-1
342,-1.5,100,100,6,0.01,244,new,100,-1
343,-1.5,100,100,0,0.01,0,new,100,-1
344,-1.5,100,100,4,0.01,246,new,100,-1
345,-1.5,100,100,3,0.01,185,new,100,-1
346,-1.5,100,100,4,0.01,174,new,100,-1
347,-1.5,100,100,4,0.01,174,new,100,-1
348,-1.5,100,100,4,0.01,174,new,100,-1
349,-1.5,100,100,5,0.01,135,new,100,-1
350,-1.5,100,100,4,0.01,174,new,100,-1
351,-1.5,100,100,4,0.01,246,new,100,-1
352,-1.5,100,100,4,0.01,174,new,100,-1
353,-1.5,100,100,4,0.01,174,new,100,-1
354,-1.5,100,100,3,0.01,185,new,100,-1
355,-1.5,100,100,0,0.01,0,new,100,-1
356,-1.5,100,100,4,0.01,174,new,100,-1
357,-1.5,100,100,4,0.01,135,new,100,-1
358,-1.5,100,100,3,0.01,185,new,100,-1
359,-1.5,100,200,4,0.01,366,known,100,-1
360,-1.5,100,200,4,0.01,188,known,100,-1
361,-1.5,100,200,3,0.01,185,known,100,-1
362,-1.5,100,200,3,0.01,185,known,100,-1
363,-1.5,100,200,4,0.01,185,known,100,-1
364,-1.5,100,200,1,0.01,24,known,100,-1
365,-1.5,100,200,3,0.01,301,known,100,-1
366,-1.5,100,200,3,0.01,185,known,100,-1
367,-1.5,100,200,3,0.01,264,known,100,-1
368,-1.5,100,200,4,0.01,188,known,100,-1
369,-1.5,100,200,4,0.01,189,known,100,-1
370,-1.5,100,200,0,0.01,0,known,100,-1
371,-1.5,100,200,2,0.01,135,known,100,-1
372,-1.5,100,200,3,0.01,185,known,100,-1
373,-1.5,100,200,3,0.01,185,known,100,-1
374,-1.5,100,200,3,0.01,301,known,100,-1
375,-1.5,100,200,4,0.01,188,known,100,-1
376,-1.5,100,200,0,0.01,0,known,100,-1
377,-1.5,100,200,3,0.01,185,known,100,-1
378,-1.5,100,200,1,0.01,141,known,100,-1
379,-1.5,100,200,3,0.01,185,known,100,-1
380,-1.5,100,200,4,0.01,186,known,100,-1
381,-1.5,100,200,4,0.01,188,known,100,-1
382,-1.5,100,200,0,0.01,0,known,100,-1
383,-1.5,100,200,0,0.01,0,known,100,-1
384,-1.5,100,200,3,0.01,185,known,100,-1
385,-1.5,100,200,2,0.01,188,known,100,-1
386,-1.5,100,200,4,0.01,174,known,100,-1
387,-1.5,100,200,0,0.01,0,known,100,-1
388,-1.5,100,200,3,0.01,185,known,100,-1
389,-1.5,100,200,4,0.01,244,known,100,-1
390,-1.5,100,200,3,0.01,185,known,100,-1
391,-1.5,100,200,0,0.01,0,known,100,-1
392,-1.5,100,200,3,0.01,185,known,100,-1
393,-1.5,100,200,4,0.01,335,known,100,-1
394,-1.5,100,200,4,0.01,189,known,100,-1
395,-1.5,100,200,3,0.01,185,known,100,-1
396,-1.5,100,200,1,0.01,65,known,100,-1
397,-1.5,100,200,4,0.01,188,known,100,-1
398,-1.5,100,200,3,0.01,185,known,100,-1
399,-1.5,100,200,4,0.01,188,known,100,-1
400,-1.5,100,200,3,0.01,185,known,100,-1
401,-1.5,100,200,2,0.01,185,known,100,-1
402,-1.5,100,200,3,0.01,185,known,100,-1
403,-1.5,100,200,2,0.01,110,known,100,-1
404,-1.5,100,200,3,0.01,185,known,100,-1
405,-1.5,100,200,3,0.01,185,known,100,-1
406,-1.5,100,200,3,0.01,185,known,100,-1
407,-1.5,100,200,3,0.01,185,known,100,-1
408,-1.5,100,200,4,0.01,357,known,100,-1
409,-1.5,100,200,4,0.01,188,known,100,-1
410,-1.5,100,200,4,0.01,188,known,100,-1
411,-1.5,100,200,3,0.01,185,known,100,-1
412,-1.5,100,200,3,0.01,412,known,100,-1
413,-1.5,100,200,3,0.01,185,known,100,-1
414,-1.5,100,200,4,0.01,357,known,100,-1
415,-1.5,100,200,3,0.01,150,known,100,-1
416,-1.5,100,200,4,0.01,188,known,100,-1
417,-1.5,100,200,3,0.01,185,known,100,-1
418,-1.5,100,200,4,0.01,228,known,100,-1
419,-1.5,100,200,3,0.01,185,known,100,-1
420,-1.5,100,200,0,0.01,0,known,100,-1
421,-1.5,100,200,3,0.01,185,known,100,-1
422,-1.5,100,200,3,0.01,185,known,100,-1
423,-1.5,100,200,4,0.01,188,known,100,-1
424,-1.5,100,200,3,0.01,180,known,100,-1
425,-1.5,100,200,3,0.01,101,known,100,-1
426,-1.5,100,200,3,0.01,185,known,100,-1
427,-1.5,100,200,4,0.01,379,known,100,-1
428,-1.5,100,200,4,0.01,597,known,100,-1
429,-1.5,100,200,3,0.01,185,known,100,-1
430,-1.5,100,200,3,0.01,185,known,100,-1
431,-1.5,100,200,4,0.01,188,known,100,-1
432,-1.5,100,200,3,0.01,185,known,100,-1
433,-1.5,100,200,3,0.01,645,known,100,-1
434,-1.5,100,200,2,0.01,188,known,100,-1
435,-1.5,100,200,1,0.01,141,known,100,-1
436,-1.5,100,200,3,0.01,185,known,100,-1
437,-1.5,100,200,2,0.01,301,known,100,-1
438,-1.5,100,200,4,0.01,360,known,100,-1
439,-1.5,100,200,3,0.01,185,known,100,-1
440,-1.5,100,200,3,0.01,357,known,100,-1
441,-1.5,100,200,4,0.01,334,known,100,-1
442,-1.5,100,200,5,0.01,249,known,100,-1
443,-1.5,100,200,4,0.01,189,known,100,-1
444,-1.5,100,200,3,0.01,185,known,100,-1
445,-1.5,100,200,3,0.01,301,known,100,-1
446,-1.5,100,200,4,0.01,340,known,100,-1
447,-1.5,100,200,4,0.01,188,known,100,-1
448,-1.5,100,200,0,0.01,0,known,100,-1
449,-1.5,100,200,3,0.01,185,known,100,-1
450,-1.5,100,200,3,0.01,185,known,100,-1
451,-1.5,100,200,4,0.01,230,known,100,-1
452,-1.5,100,200,0,0.01,0,known,100,-1
453,-1.5,100,200,1,0.01,29,known,100,-1
454,-1.5,100,200,3,0.01,301,known,100,-1
455,-1.5,100,200,0,0.01,0,known,100,-1
456,-1.5,100,200,0,0.01,0,known,100,-1
457,-1.5,100,200,1,0.01,15,known,100,-1
458,-1.5,100,200,4,0.01,189,known,100,-1
459,-1.5,100,200,4,0.01,188,known,100,-1
460,-1.5,100,200,3,0.01,185,known,100,-1
461,-1.5,100,200,4,0.01,189,known,100,-1
462,-1.5,100,200,3,0.01,188,known,100,-1
463,-1.5,100,200,4,0.01,188,known,100,-1
464,-1.5,100,200,4,0.01,188,known,100,-1
465,-1.5,100,200,4,0.01,188,known,100,-1
466,-1.5,100,200,0,0.01,0,known,100,-1
467,-1.5,100,200,2,0.01,65,known,100,-1
468,-1.5,100,200,2,0.01,58,known,100,-1
469,-1.5,100,200,3,0.01,185,known,100,-1
470,-1.5,100,200,3,0.01,185,known,100,-1
471,-1.5,100,200,3,0.01,185,known,100,-1
472,-1.5,100,200,4,0.01,300,known,100,-1
473,-1.5,100,200,4,0.01,174,known,100,-1
474,-1.5,100,200,3,0.01,185,known,100,-1
475,-1.5,100,200,3,0.01,185,known,100,-1
476,-1.5,100,200,3,0.01,185,known,100,-1
477,-1.5,100,200,3,0.01,185,known,100,-1
478,-1.5,100,200,2,0.01,185,known,100,-1
479,-1.5,100,200,3,0.01,185,known,100,-1
480,-1.5,100,200,2,0.01,105,known,100,-1
481,-1.5,100,200,3,0.01,185,known,100,-1
482,-1.5,100,200,4,0.01,188,known,100,-1
483,-1.5,100,200,3,0.01,185,known,100,-1
484,-1.5,100,200,3,0.01,185,known,100,-1
485,-1.5,100,200,4,0.01,234,known,100,-1
486,-1.5,100,200,3,0.01,141,known,100,-1
487,-1.5,100,200,1,0.01,60,known,100,-1
488,-1.5,100,200,4,0.01,251,known,100,-1
489,-1.5,100,200,4,0.01,213,known,100,-1
490,-1.5,100,200,0,0.01,0,known,100,-1
491,-1.5,100,200,3,0.01,185,known,100,-1
492,-1.5,100,200,4,0.01,189,known,100,-1
493,-1.5,100,200,3,0.01,70,known,100,-1
494,-1.5,100,200,3,0.01,185,known,100,-1
495,-1.5,100,200,4,0.01,189,known,100,-1
496,-1.5,100,200,0,0.01,0,known,100,-1
497,-1.5,100,200,3,0.01,185,known,100,-1
498,-1.5,100,200,0,0.01,0,known,100,-1
499,-1.5,100,200,3,0.01,210,known,100,-1
500,-1.5,100,200,4,0.01,70,known,100,-1
501,-1.5,100,200,3,0.01,185,known,100,-1
502,-1.5,100,200,5,0.01,210,known,100,-1
503,-1.5,100,200,3,0.01,185,known,100,-1
504,-1.5,100,200,4,0.01,189,known,100,-1
505,-1.5,100,200,4,0.01,188,known,100,-1
506,-1.5,100,200,4,0.01,228,known,100,-1
507,-1.5,100,200,4,0.01,174,known,100,-1
508,-1.5,100,200,3,0.01,185,known,100,-1
509,-1.5,100,200,0,0.01,0,known,100,-1
510,-1.5,100,200,1,0.01,37,known,100,-1
511,-1.5,100,200,4,0.01,210,known,100,-1
512,-1.5,100,200,1,0.01,101,known,100,-1
513,-1.5,100,200,3,0.01,185,known,100,-1
514,-1.5,100,200,4,0.01,188,known,100,-1
515,-1.5,100,200,3,0.01,185,known,100,-1
516,-1.5,100,200,1,0.01,4,known,100,-1
517,-1.5,100,200,1,0.01,3,known,100,-1
518,-1.5,100,200,3,0.01,185,known,100,-1
519,-1.5,100,200,4,0.01,251,known,100,-1
520,-1.5,100,200,3,0.01,185,known,100,-1
521,-1.5,100,200,4,0.01,379,known,100,-1
522,-1.5,100,200,3,0.01,185,known,100,-1
523,-1.5,100,200,0,0.01,0,known,100,-1
524,-1.5,100,200,3,0.01,101,known,100,-1
525,-1.5,100,200,4,0.01,210,known,100,-1
526,-1.5,100,200,4,0.01,188,known,100,-1
527,-1.5,100,200,3,0.01,288,known,100,-1
528,-1.5,100,200,3,0.01,283,known,100,-1
529,-1.5,100,200,3,0.01,70,known,100,-1
530,-1.5,100,200,3,0.01,185,known,100,-1
531,-1.5,100,200,3,0.01,70,known,100,-1
532,-1.5,100,200,4,0.01,188,known,100,-1
533,-1.5,100,200,2,0.01,65,known,100,-1
534,-1.5,100,200,3,0.01,185,known,100,-1
535,-1.5,100,200,3,0.01,189,known,100,-1
536,-1.5,100,200,3,0.01,185,known,100,-1
537,-1.5,100,200,2,0.01,135,known,100,-1
538,-1.5,100,200,0,0.01,0,known,100,-1
539,-1.5,100,200,2,0.01,24,known,100,-1
540,-1.5,100,200,4,0.01,340,known,100,-1
541,-1.5,100,200,3,0.01,76,known,100,-1
542,-1.5,100,200,0,0.01,0,known,100,-1
543,-1.5,100,200,4,0.01,249,known,100,-1
544,-1.5,100,200,2,0.01,46,known,100,-1
545,-1.5,100,200,3,0.01,185,known,100,-1
546,-1.5,100,200,4,0.01,188,known,100,-1
547,-1.5,100,200,4,0.01,188,known,100,-1
548,-1.5,100,200,4,0.01,189,known,100,-1
549,-1.5,100,200,1,0.01,4,known,100,-1
550,-1.5,100,200,4,0.01,188,known,100,-1
551,-1.5,100,200,2,0.01,46,known,100,-1
552,-1.5,100,200,4,0.01,174,known,100,-1
553,-1.5,100,200,4,0.01,189,known,100,-1
554,-1.5,100,200,3,0.01,185,known,100,-1
555,-1.5,100,200,1,0.01,36,known,100,-1
556,-1.5,100,200,4,0.01,188,known,100,-1
557,-1.5,100,200,4,0.01,135,known,100,-1
558,-1.5,100,200,3,0.01,185,known,100,-1
559,-1.5,100,200,4,0.01,249,new,100,-1
560,-1.5,100,200,3,0.01,42,new,100,-1
561,-1.5,100,200,3,0.01,185,new,100,-1
562,-1.5,100,200,5,0.01,288,new,100,-1
563,-1.5,100,200,2,0.01,46,new,100,-1
564,-1.5,100,200,3,0.01,185,new,100,-1
565,-1.5,100,200,3,0.01,189,new,100,-1
566,-1.5,100,200,3,0.01,185,new,100,-1
567,-1.5,100,200,3,0.01,185,new,100,-1
568,-1.5,100,200,4,0.01,188,new,100,-1
569,-1.5,100,200,4,0.01,189,new,100,-1
570,-1.5,100,200,4,0.01,188,new,100,-1
571,-1.5,100,200,4,0.01,189,new,100,-1
572,-1.5,100,200,4,0.01,188,new,100,-1
573,-1.5,100,200,4,0.01,244,new,100,-1
574,-1.5,100,200,3,0.01,141,new,100,-1
575,-1.5,100,200,3,0.01,210,new,100,-1
576,-1.5,100,200,3,0.01,185,new,100,-1
577,-1.5,100,200,5,0.01,220,new,100,-1
578,-1.5,100,200,2,0.01,37,new,100,-1
579,-1.5,100,200,2,0.01,188,new,100,-1
580,-1.5,100,200,4,0.01,188,new,100,-1
581,-1.5,100,200,5,0.01,351,new,100,-1
582,-1.5,100,200,3,0.01,185,new,100,-1
583,-1.5,100,200,4,0.01,189,new,100,-1
584,-1.5,100,200,3,0.01,188,new,100,-1
585,-1.5,100,200,3,0.01,185,new,100,-1
586,-1.5,100,200,3,0.01,185,new,100,-1
587,-1.5,100,200,3,0.01,185,new,100,-1
588,-1.5,100,200,3,0.01,230,new,100,-1
589,-1.5,100,200,4,0.01,175,new,100,-1
590,-1.5,100,200,3,0.01,185,new,100,-1
591,-1.5,100,200,3,0.01,210,new,100,-1
592,-1.5,100,200,3,0.01,185,new,100,-1
593,-1.5,100,200,3,0.01,129,new,100,-1
594,-1.5,100,200,5,0.01,357,new,100,-1
595,-1.5,100,200,3,0.01,185,new,100,-1
596,-1.5,100,200,3,0.01,57,new,100,-1
597,-1.5,100,200,5,0.01,209,new,100,-1
598,-1.5,100,200,3,0.01,185,new,100,-1
599,-1.5,100,200,3,0.01,185,new,100,-1
600,-1.5,100,200,6,0.01,249,new,100,-1
601,-1.5,100,200,4,0.01,300,new,100,-1
602,-1.5,100,200,3,0.01,185,new,100,-1
603,-1.5,100,200,8,0.01,353,new,100,-1
604,-1.5,100,200,4,0.01,288,new,100,-1
605,-1.5,100,200,5,0.01,210,new,100,-1
606,-1.5,100,200,3,0.01,185,new,100,-1
607,-1.5,100,200,4,0.01,188,new,100,-1
608,-1.5,100,200,3,0.01,185,new,100,-1
609,-1.5,100,200,4,0.01,169,new,100,-1
610,-1.5,100,200,4,0.01,186,new,100,-1
611,-1.5,100,200,4,0.01,210,new,100,-1
612,-1.5,100,200,3,0.01,185,new,100,-1
613,-1.5,100,200,7,0.01,288,new,100,-1
614,-1.5,100,200,3,0.01,185,new,100,-1
615,-1.5,100,200,1,0.01,24,new,100,-1
616,-1.5,100,200,3,0.01,185,new,100,-1
617,-1.5,100,200,4,0.01,188,new,100,-1
618,-1.5,100,200,3,0.01,185,new,100,-1
619,-1.5,100,200,2,0.01,185,new,100,-1
620,-1.5,100,200,3,0.01,185,new,100,-1
621,-1.5,100,200,0,0.01,0,new,100,-1
622,-1.5,100,200,3,0.01,185,new,100,-1
623,-1.5,100,200,3,0.01,185,new,100,-1
624,-1.5,100,200,3,0.01,185,new,100,-1
625,-1.5,100,200,5,0.01,575,new,100,-1
626,-1.5,100,200,4,0.01,106,new,100,-1
627,-1.5,100,200,3,0.01,185,new,100,-1
628,-1.5,100,200,3,0.01,264,new,100,-1
629,-1.5,100,200,3,0.01,185,new,100,-1
630,-1.5,100,200,3,0.01,185,new,100,-1
631,-1.5,100,200,4,0.01,169,new,100,-1
632,-1.5,100,200,4,0.01,174,new,100,-1
633,-1.5,100,200,4,0.01,189,new,100,-1
634,-1.5,100,200,3,0.01,185,new,100,-1
635,-1.5,100,200,3,0.01,185,new,100,-1
636,-1.5,100,200,4,0.01,188,new,100,-1
637,-1.5,100,200,5,0.01,210,new,100,-1
638,-1.5,100,200,5,0.01,249,new,100,-1
639,-1.5,100,200,4,0.01,189,new,100,-1
640,-1.5,100,200,4,0.01,301,new,100,-1
641,-1.5,100,200,4,0.01,188,new,100,-1
642,-1.5,100,200,3,0.01,89,new,100,-1
643,-1.5,100,200,4,0.01,188,new,100,-1
644,-1.5,100,200,4,0.01,210,new,100,-1
645,-1.5,100,200,3,0.01,185,new,100,-1
646,-1.5,100,200,6,0.01,249,new,100,-1
647,-1.5,100,200,4,0.01,188,new,100,-1
648,-1.5,100,200,3,0.01,185,new,100,-1
649,-1.5,100,200,4,0.01,188,new,100,-1
650,-1.5,100,200,3,0.01,210,new,100,-1
651,-1.5,100,200,3,0.01,357,new,100,-1
652,-1.5,100,200,3,0.01,101,new,100,-1
653,-1.5,100,200,3,0.01,185,new,100,-1
654,-1.5,100,200,3,0.01,185,new,100,-1
655,-1.5,100,200,3,0.01,185,new,100,-1
656,-1.5,100,200,5,0.01,301,new,100,-1
657,-1.5,100,200,3,0.01,185,new,100,-1
658,-1.5,100,200,4,0.01,189,new,100,-1
659,-1.5,100,200,4,0.01,186,new,100,-1
660,-1.5,100,200,2,0.01,46,new,100,-1
661,-1.5,100,200,4,0.01,244,new,100,-1
662,-1.5,100,200,4,0.01,189,new,100,-1
663,-1.5,100,200,3,0.01,47,new,100,-1
664,-1.5,100,200,4,0.01,210,new,100,-1
665,-1.5,100,200,2,0.01,135,new,100,-1
666,-1.5,100,200,3,0.01,335,new,100,-1
667,-1.5,100,200,4,0.01,169,new,100,-1
668,-1.5,100,200,4,0.01,189,new,100,-1
669,-1.5,100,200,6,0.01,135,new,100,-1
670,-1.5,100,200,3,0.01,101,new,100,-1
671,-1.5,100,200,4,0.01,188,new,100,-1
672,-1.5,100,200,3,0.01,185,new,100,-1
673,-1.5,100,200,4,0.01,186,new,100,-1
674,-1.5,100,200,3,0.01,185,new,100,-1
675,-1.5,100,200,4,0.01,174,new,100,-1
676,-1.5,100,200,3,0.01,185,new,100,-1
677,-1.5,100,200,4,0.01,188,new,100,-1
678,-1.5,100,200,3,0.01,185,new,100,-1
679,-1.5,100,200,4,0.01,188,new,100,-1
680,-1.5,100,200,3,0.01,185,new,100,-1
681,-1.5,100,200,4,0.01,188,new,100,-1
682,-1.5,100,200,4,0.01,230,new,100,-1
683,-1.5,100,200,4,0.01,188,new,100,-1
684,-1.5,100,200,3,0.01,185,new,100,-1
685,-1.5,100,200,3,0.01,335,new,100,-1
686,-1.5,100,200,7,0.01,281,new,100,-1
687,-1.5,100,200,7,0.01,1057,new,100,-1
688,-1.5,100,200,3,0.01,185,new,100,-1
689,-1.5,100,200,4,0.01,228,new,100,-1
690,-1.5,100,200,3,0.01,185,new,100,-1
691,-1.5,100,200,8,0.01,340,new,100,-1
692,-1.5,100,200,4,0.01,334,new,100,-1
693,-1.5,100,200,6,0.01,390,new,100,-1
694,-1.5,100,200,2,0.01,46,new,100,-1
695,-1.5,100,200,6,0.01,412,new,100,-1
696,-1.5,100,200,6,0.01,728,new,100,-1
697,-1.5,100,200,4,0.01,353,new,100,-1
698,-1.5,100,200,4,0.01,210,new,100,-1
699,-1.5,100,200,3,0.01,185,new,100,-1
700,-1.5,100,200,4,0.01,295,new,100,-1
701,-1.5,100,200,4,0.01,189,new,100,-1
702,-1.5,100,200,4,0.01,188,new,100,-1
703,-1.5,100,200,3,0.01,224,new,100,-1
704,-1.5,100,200,3,0.01,185,new,100,-1
705,-1.5,100,200,3,0.01,185,new,100,-1
706,-1.5,100,200,3,0.01,185,new,100,-1
707,-1.5,100,200,3,0.01,185,new,100,-1
708,-1.5,100,200,4,0.01,188,new,100,-1
709,-1.5,100,200,3,0.01,185,new,100,-1
710,-1.5,100,200,3,0.01,185,new,100,-1
711,-1.5,100,200,7,0.01,335,new,100,-1
712,-1.5,100,200,3,0.01,210,new,100,-1
713,-1.5,100,200,7,0.01,645,new,100,-1
714,-1.5,100,200,3,0.01,188,new,100,-1
715,-1.5,100,200,3,0.01,185,new,100,-1
716,-1.5,100,200,4,0.01,188,new,100,-1
717,-1.5,100,200,4,0.01,188,new,100,-1
718,-1.5,100,200,4,0.01,189,new,100,-1
719,-1.5,100,200,3,0.01,185,new,100,-1
720,-1.5,100,200,4,0.01,188,new,100,-1
721,-1.5,100,200,3,0.01,185,new,100,-1
722,-1.5,100,200,4,0.01,400,new,100,-1
723,-1.5,100,200,5,0.01,95,new,100,-1
724,-1.5,100,200,3,0.01,175,new,100,-1
725,-1.5,100,200,4,0.01,379,new,100,-1
726,-1.5,100,200,7,0.01,659,new,100,-1
727,-1.5,100,200,4,0.01,189,new,100,-1
728,-1.5,100,200,5,0.01,301,new,100,-1
729,-1.5,100,200,3,0.01,65,new,100,-1
730,-1.5,100,200,4,0.01,189,new,100,-1
731,-1.5,100,200,3,0.01,185,new,100,-1
732,-1.5,100,200,4,0.01,175,new,100,-1
733,-1.5,100,200,3,0.01,185,new,100,-1
734,-1.5,100,200,3,0.01,185,new,100,-1
735,-1.5,100,200,3,0.01,94,new,100,-1
736,-1.5,100,200,4,0.01,189,new,100,-1
737,-1.5,100,200,3,0.01,185,new,100,-1
738,-1.5,100,200,0,0.01,0,new,100,-1
739,-1.5,100,200,6,0.01,360,new,100,-1
740,-1.5,100,200,3,0.01,185,new,100,-1
741,-1.5,100,200,4,0.01,340,new,100,-1
742,-1.5,100,200,3,0.01,185,new,100,-1
743,-1.5,100,200,4,0.01,188,new,100,-1
744,-1.5,100,200,4,0.01,141,new,100,-1
745,-1.5,100,200,3,0.01,185,new,100,-1
746,-1.5,100,200,4,0.01,456,new,100,-1
747,-1.5,100,200,4,0.01,597,new,100,-1
748,-1.5,100,200,4,0.01,213,new,100,-1
749,-1.5,100,200,3,0.01,185,new,100,-1
750,-1.5,100,200,4,0.01,283,new,100,-1
751,-1.5,100,200,6,0.01,990,new,100,-1
752,-1.5,100,200,3,0.01,185,new,100,-1
753,-1.5,100,200,3,0.01,185,new,100,-1
754,-1.5,100,200,4,0.01,188,new,100,-1
755,-1.5,100,200,3,0.01,185,new,100,-1
756,-1.5,100,200,3,0.01,185,new,100,-1
757,-1.5,100,200,3,0.01,185,new,100,-1
758,-10.5,100,1,0,0.1,0,known,100,-1
759,-10.5,100,2,0,0.1,0,known,100,-1
760,-10.5,100,2,0,0.1,0,known,100,-1
761,-10.5,100,2,18,0.1,283,new,100,-1
762,-10.5,100,5,0,0.1,0,known,100,-1
763,-10.5,100,5,0,0.1,0,known,100,-1
764,-10.5,100,5,16,0.1,597,known,100,-1
765,-10.5,100,5,20,0.1,295,known,100,-1
766,-10.5,100,5,0,0.1,0,known,100,-1
767,-10.5,100,5,8,0.1,180,new,100,-1
768,-10.5,100,5,5,0.1,84,new,100,-1
769,-10.5,100,5,21,0.1,353,new,100,-1
770,-10.5,100,5,7,0.1,232,new,100,-1
771,-10.5,100,10,0,0.1,0,known,100,-1
772,-10.5,100,10,0,0.1,0,known,100,-1
773,-10.5,100,10,16,0.1,597,known,100,-1
774,-10.5,100,10,18,0.1,926,known,100,-1
775,-10.5,100,10,0,0.1,0,known,100,-1
776,-10.5,100,10,20,0.1,581,known,100,-1
777,-10.5,100,10,15,0.1,414,known,100,-1
778,-10.5,100,10,2,0.1,47,known,100,-1
779,-10.5,100,10,19,0.1,524,known,100,-1
780,-10.5,100,10,0,0.1,0,known,100,-1
781,-10.5,100,10,22,0.1,581,new,100,-1
782,-10.5,100,10,19,0.1,444,new,100,-1
783,-10.5,100,10,21,0.1,597,new,100,-1
784,-10.5,100,10,23,0.1,926,new,100,-1
785,-10.5,100,10,20,0.1,926,new,100,-1
786,-10.5,100,10,19,0.1,283,new,100,-1
787,-10.5,100,10,23,0.1,335,new,100,-1
788,-10.5,100,10,21,0.1,234,new,100,-1
789,-10.5,100,10,19,0.1,301,new,100,-1
790,-10.5,100,15,0,0.1,0,known,100,-1
791,-10.5,100,15,0,0.1,0,known,100,-1
792,-10.5,100,15,18,0.1,597,known,100,-1
793,-10.5,100,15,20,0.1,413,known,100,-1
794,-10.5,100,15,0,0.1,0,known,100,-1
795,-10.5,100,15,5,0.1,246,known,100,-1
796,-10.5,100,15,15,0.1,414,known,100,-1
797,-10.5,100,15,19,0.1,300,known,100,-1
798,-10.5,100,15,19,0.1,524,known,100,-1
799,-10.5,100,15,0,0.1,0,known,100,-1
800,-10.5,100,15,2,0.1,112,known,100,-1
801,-10.5,100,15,0,0.1,0,known,100,-1
802,-10.5,100,15,21,0.1,413,known,100,-1
803,-10.5,100,15,3,0.1,185,known,100,-1
804,-10.5,100,15,1,0.1,53,known,100,-1
805,-10.5,100,15,21,0.1,413,new,100,-1
806,-10.5,100,15,23,0.1,341,new,100,-1
807,-10.5,100,15,21,0.1,234,new,100,-1
808,-10.5,100,15,21,0.1,263,new,100,-1
809,-10.5,100,15,18,0.1,244,new,100,-1
810,-10.5,100,15,22,0.1,411,new,100,-1
811,-10.5,100,15,23,0.1,984,new,100,-1
812,-10.5,100,15,18,0.1,597,new,100,-1
813,-10.5,100,15,25,0.1,597,new,100,-1
814,-10.5,100,15,21,0.1,929,new,100,-1
815,-10.5,100,15,16,0.1,303,new,100,-1
816,-10.5,100,15,19,0.1,283,new,100,-1
817,-10.5,100,15,25,0.1,597,new,100,-1
818,-10.5,100,15,19,0.1,597,new,100,-1
819,-10.5,100,50,1,0.1,228,known,100,-1
820,-10.5,100,50,1,0.1,29,known,100,-1
821,-10.5,100,50,16,0.1,1202,known,100,-1
822,-10.5,100,50,20,0.1,1923,known,100,-1
823,-10.5,100,50,0,0.1,0,known,100,-1
824,-10.5,100,50,13,0.1,1029,known,100,-1
825,-10.5,100,50,26,0.1,981,known,100,-1
826,-10.5,100,50,25,0.1,822,known,100,-1
827,-10.5,100,50,12,0.1,560,known,100,-1
828,-10.5,100,50,7,0.1,312,known,100,-1
829,-10.5,100,50,16,0.1,328,known,100,-1
830,-10.5,100,50,0,0.1,0,known,100,-1
831,-10.5,100,50,17,0.1,412,known,100,-1
832,-10.5,100,50,19,0.1,981,known,100,-1
833,-10.5,100,50,23,0.1,822,known,100,-1
834,-10.5,100,50,17,0.1,201,known,100,-1
835,-10.5,100,50,23,0.1,378,known,100,-1
836,-10.5,100,50,4,0.1,429,known,100,-1
837,-10.5,100,50,20,0.1,597,known,100,-1
838,-10.5,100,50,18,0.1,539,known,100,-1
839,-10.5,100,50,17,0.1,1272,known,100,-1
840,-10.5,100,50,26,0.1,1661,known,100,-1
841,-10.5,100,50,16,0.1,822,known,100,-1
842,-10.5,100,50,19,0.1,739,known,100,-1
843,-10.5,100,50,0,0.1,0,known,100,-1
844,-10.5,100,50,19,0.1,1923,known,100,-1
845,-10.5,100,50,24,0.1,1938,known,100,-1
846,-10.5,100,50,6,0.1,120,known,100,-1
847,-10.5,100,50,1,0.1,110,known,100,-1
848,-10.5,100,50,19,0.1,1348,known,100,-1
849,-10.5,100,50,19,0.1,1311,known,100,-1
850,-10.5,100,50,1,0.1,12,known,100,-1
851,-10.5,100,50,28,0.1,1635,known,100,-1
852,-10.5,100,50,20,0.1,426,known,100,-1
853,-10.5,100,50,23,0.1,993,known,100,-1
854,-10.5,100,50,17,0.1,926,known,100,-1
855,-10.5,100,50,21,0.1,379,known,100,-1
856,-10.5,100,50,2,0.1,268,known,100,-1
857,-10.5,100,50,18,0.1,647,known,100,-1
858,-10.5,100,50,16,0.1,477,known,100,-1
859,-10.5,100,50,22,0.1,363,known,100,-1
860,-10.5,100,50,19,0.1,1090,known,100,-1
861,-10.5,100,50,4,0.1,181,known,100,-1
862,-10.5,100,50,4,0.1,149,known,100,-1
863,-10.5,100,50,20,0.1,619,known,100,-1
864,-10.5,100,50,6,0.1,295,known,100,-1
865,-10.5,100,50,20,0.1,343,known,100,-1
866,-10.5,100,50,0,0.1,0,known,100,-1
867,-10.5,100,50,18,0.1,1119,known,100,-1
868,-10.5,100,50,11,0.1,244,known,100,-1
869,-10.5,100,50,21,0.1,895,new,100,-1
870,-10.5,100,50,18,0.1,535,new,100,-1
871,-10.5,100,50,24,0.1,444,new,100,-1
872,-10.5,100,50,28,0.1,822,new,100,-1
873,-10.5,100,50,22,0.1,579,new,100,-1
874,-10.5,100,50,25,0.1,406,new,100,-1
875,-10.5,100,50,24,0.1,443,new,100,-1
876,-10.5,100,50,20,0.1,1090,new,100,-1
877,-10.5,100,50,16,0.1,581,new,100,-1
878,-10.5,100,50,19,0.1,822,new,100,-1
879,-10.5,100,50,25,0.1,1070,new,100,-1
880,-10.5,100,50,22,0.1,455,new,100,-1
881,-10.5,100,50,23,0.1,569,new,100,-1
882,-10.5,100,50,22,0.1,230,new,100,-1
883,-10.5,100,50,23,0.1,993,new,100,-1
884,-10.5,100,50,26,0.1,498,new,100,-1
885,-10.5,100,50,23,0.1,349,new,100,-1
886,-10.5,100,50,25,0.1,1021,new,100,-1
887,-10.5,100,50,22,0.1,970,new,100,-1
888,-10.5,100,50,27,0.1,1938,new,100,-1
889,-10.5,100,50,17,0.1,671,new,100,-1
890,-10.5,100,50,24,0.1,358,new,100,-1
891,-10.5,100,50,23,0.1,426,new,100,-1
892,-10.5,100,50,25,0.1,1202,new,100,-1
893,-10.5,100,50,22,0.1,569,new,100,-1
894,-10.5,100,50,20,0.1,1348,new,100,-1
895,-10.5,100,50,22,0.1,739,new,100,-1
896,-10.5,100,50,25,0.1,655,new,100,-1
897,-10.5,100,50,21,0.1,358,new,100,-1
898,-10.5,100,50,17,0.1,535,new,100,-1
899,-10.5,100,50,18,0.1,784,new,100,-1
900,-10.5,100,50,26,0.1,1267,new,100,-1
901,-10.5,100,50,21,0.1,443,new,100,-1
902,-10.5,100,50,19,0.1,581,new,100,-1
903,-10.5,100,50,20,0.1,398,new,100,-1
904,-10.5,100,50,18,0.1,655,new,100,-1
905,-10.5,100,50,24,0.1,1428,new,100,-1
906,-10.5,100,50,22,0.1,353,new,100,-1
907,-10.5,100,50,19,0.1,1023,new,100,-1
908,-10.5,100,50,24,0.1,778,new,100,-1
909,-10.5,100,50,18,0.1,349,new,100,-1
910,-10.5,100,50,20,0.1,433,new,100,-1
911,-10.5,100,50,17,0.1,581,new,100,-1
912,-10.5,100,50,18,0.1,283,new,100,-1
913,-10.5,100,50,23,0.1,763,new,100,-1
914,-10.5,100,50,26,0.1,789,new,100,-1
915,-10.5,100,50,21,0.1,1141,new,100,-1
916,-10.5,100,50,23,0.1,455,new,100,-1
917,-10.5,100,50,20,0.1,378,new,100,-1
918,-10.5,100,100,20,0.1,486,known,100,-1
919,-10.5,100,100,12,0.1,2148,known,100,-1
920,-10.5,100,100,20,0.1,1213,known,100,-1
921,-10.5,100,100,24,0.1,926,known,100,-1
922,-10.5,100,100,5,0.1,148,known,100,-1
923,-10.5,100,100,6,0.1,267,known,100,-1
924,-10.5,100,100,23,0.1,585,known,100,-1
925,-10.5,100,100,24,0.1,1278,known,100,-1
926,-10.5,100,100,11,0.1,194,known,100,-1
927,-10.5,100,100,14,0.1,581,known,100,-1
928,-10.5,100,100,24,0.1,926,known,100,-1
929,-10.5,100,100,2,0.1,67,known,100,-1
930,-10.5,100,100,19,0.1,412,known,100,-1
931,-10.5,100,100,22,0.1,597,known,100,-1
932,-10.5,100,100,26,0.1,1278,known,100,-1
933,-10.5,100,100,24,0.1,773,known,100,-1
934,-10.5,100,100,21,0.1,1124,known,100,-1
935,-10.5,100,100,4,0.1,108,known,100,-1
936,-10.5,100,100,24,0.1,989,known,100,-1
937,-10.5,100,100,20,0.1,1278,known,100,-1
938,-10.5,100,100,17,0.1,222,known,100,-1
939,-10.5,100,100,5,0.1,335,known,100,-1
940,-10.5,100,100,13,0.1,414,known,100,-1
941,-10.5,100,100,11,0.1,1003,known,100,-1
942,-10.5,100,100,5,0.1,261,known,100,-1
943,-10.5,100,100,26,0.1,1545,known,100,-1
944,-10.5,100,100,20,0.1,580,known,100,-1
945,-10.5,100,100,30,0.1,1278,known,100,-1
946,-10.5,100,100,15,0.1,842,known,100,-1
947,-10.5,100,100,23,0.1,664,known,100,-1
948,-10.5,100,100,22,0.1,1042,known,100,-1
949,-10.5,100,100,19,0.1,660,known,100,-1
950,-10.5,100,100,19,0.1,248,known,100,-1
951,-10.5,100,100,24,0.1,926,known,100,-1
952,-10.5,100,100,23,0.1,1164,known,100,-1
953,-10.5,100,100,26,0.1,2228,known,100,-1
954,-10.5,100,100,24,0.1,926,known,100,-1
955,-10.5,100,100,17,0.1,597,known,100,-1
956,-10.5,100,100,25,0.1,620,known,100,-1
957,-10.5,100,100,25,0.1,926,known,100,-1
958,-10.5,100,100,25,0.1,680,known,100,-1
959,-10.5,100,100,22,0.1,1094,known,100,-1
960,-10.5,100,100,22,0.1,813,known,100,-1
961,-10.5,100,100,9,0.1,328,known,100,-1
962,-10.5,100,100,10,0.1,521,known,100,-1
963,-10.5,100,100,3,0.1,429,known,100,-1
964,-10.5,100,100,24,0.1,1094,known,100,-1
965,-10.5,100,100,14,0.1,926,known,100,-1
966,-10.5,100,100,19,0.1,966,known,100,-1
967,-10.5,100,100,19,0.1,414,known,100,-1
968,-10.5,100,100,28,0.1,680,known,100,-1
969,-10.5,100,100,16,0.1,699,known,100,-1
970,-10.5,100,100,20,0.1,774,known,100,-1
971,-10.5,100,100,19,0.1,989,known,100,-1
972,-10.5,100,100,27,0.1,1606,known,100,-1
973,-10.5,100,100,20,0.1,1534,known,100,-1
974,-10.5,100,100,20,0.1,620,known,100,-1
975,-10.5,100,100,22,0.1,1167,known,100,-1
976,-10.5,100,100,23,0.1,500,known,100,-1
977,-10.5,100,100,20,0.1,580,known,100,-1
978,-10.5,100,100,20,0.1,989,known,100,-1
979,-10.5,100,100,22,0.1,1228,known,100,-1
980,-10.5,100,100,19,0.1,646,known,100,-1
981,-10.5,100,100,22,0.1,1606,known,100,-1
982,-10.5,100,100,19,0.1,651,known,100,-1
983,-10.5,100,100,23,0.1,680,known,100,-1
984,-10.5,100,100,20,0.1,680,known,100,-1
985,-10.5,100,100,21,0.1,926,known,100,-1
986,-10.5,100,100,24,0.1,599,known,100,-1
987,-10.5,100,100,17,0.1,682,known,100,-1
988,-10.5,100,100,20,0.1,560,known,100,-1
989,-10.5,100,100,18,0.1,774,known,100,-1
990,-10.5,100,100,25,0.1,1278,known,100,-1
991,-10.5,100,100,22,0.1,620,known,100,-1
992,-10.5,100,100,23,0.1,776,known,100,-1
993,-10.5,100,100,20,0.1,464,known,100,-1
994,-10.5,100,100,20,0.1,414,known,100,-1
995,-10.5,100,100,20,0.1,926,known,100,-1
996,-10.5,100,100,20,0.1,946,known,100,-1
997,-10.5,100,100,19,0.1,989,known,100,-1
998,-10.5,100,100,18,0.1,519,known,100,-1
999,-10.5,100,100,21,0.1,1606,known,100,-1
1000,-10.5,100,100,9,0.1,685,known,100,-1
1001,-10.5,100,100,21,0.1,597,known,100,-1
1002,-10.5,100,100,9,0.1,365,known,100,-1
1003,-10.5,100,100,21,0.1,926,known,100,-1
1004,-10.5,100,100,17,0.1,597,known,100,-1
1005,-10.5,100,100,20,0.1,1094,known,100,-1
1006,-10.5,100,100,17,0.1,993,known,100,-1
1007,-10.5,100,100,24,0.1,1549,known,100,-1
1008,-10.5,100,100,28,0.1,2404,known,100,-1
1009,-10.5,100,100,13,0.1,604,known,100,-1
1010,-10.5,100,100,18,0.1,926,known,100,-1
1011,-10.5,100,100,23,0.1,976,known,100,-1
1012,-10.5,100,100,20,0.1,1278,known,100,-1
1013,-10.5,100,100,22,0.1,1278,known,100,-1
1014,-10.5,100,100,19,0.1,414,known,100,-1
1015,-10.5,100,100,11,0.1,1213,known,100,-1
1016,-10.5,100,100,20,0.1,414,known,100,-1
1017,-10.5,100,100,7,0.1,396,known,100,-1
1018,-10.5,100,100,22,0.1,414,new,100,-1
1019,-10.5,100,100,20,0.1,827,new,100,-1
1020,-10.5,100,100,23,0.1,379,new,100,-1
1021,-10.5,100,100,23,0.1,993,new,100,-1
1022,-10.5,100,100,25,0.1,1017,new,100,-1
1023,-10.5,100,100,15,0.1,283,new,100,-1
1024,-10.5,100,100,21,0.1,678,new,100,-1
1025,-10.5,100,100,26,0.1,660,new,100,-1
1026,-10.5,100,100,24,0.1,436,new,100,-1
1027,-10.5,100,100,23,0.1,1549,new,100,-1
1028,-10.5,100,100,21,0.1,1534,new,100,-1
1029,-10.5,100,100,25,0.1,1280,new,100,-1
1030,-10.5,100,100,29,0.1,620,new,100,-1
1031,-10.5,100,100,23,0.1,1278,new,100,-1
1032,-10.5,100,100,22,0.1,926,new,100,-1
1033,-10.5,100,100,24,0.1,620,new,100,-1
1034,-10.5,100,100,23,0.1,1406,new,100,-1
1035,-10.5,100,100,20,0.1,1278,new,100,-1
1036,-10.5,100,100,16,0.1,429,new,100,-1
1037,-10.5,100,100,24,0.1,680,new,100,-1
1038,-10.5,100,100,17,0.1,442,new,100,-1
1039,-10.5,100,100,25,0.1,926,new,100,-1
1040,-10.5,100,100,28,0.1,1094,new,100,-1
1041,-10.5,100,100,20,0.1,367,new,100,-1
1042,-10.5,100,100,24,0.1,926,new,100,-1
1043,-10.5,100,100,23,0.1,1278,new,100,-1
1044,-10.5,100,100,25,0.1,622,new,100,-1
1045,-10.5,100,100,25,0.1,1746,new,100,-1
1046,-10.5,100,100,23,0.1,926,new,100,-1
1047,-10.5,100,100,20,0.1,832,new,100,-1
1048,-10.5,100,100,22,0.1,926,new,100,-1
1049,-10.5,100,100,28,0.1,989,new,100,-1
1050,-10.5,100,100,20,0.1,818,new,100,-1
1051,-10.5,100,100,24,0.1,379,new,100,-1
1052,-10.5,100,100,23,0.1,1278,new,100,-1
1053,-10.5,100,100,25,0.1,1072,new,100,-1
1054,-10.5,100,100,25,0.1,1534,new,100,-1
1055,-10.5,100,100,23,0.1,1072,new,100,-1
1056,-10.5,100,100,23,0.1,1072,new,100,-1
1057,-10.5,100,100,23,0.1,1405,new,100,-1
1058,-10.5,100,100,27,0.1,2505,new,100,-1
1059,-10.5,100,100,28,0.1,1549,new,100,-1
1060,-10.5,100,100,19,0.1,926,new,100,-1
1061,-10.5,100,100,26,0.1,1534,new,100,-1
1062,-10.5,100,100,19,0.1,1094,new,100,-1
1063,-10.5,100,100,21,0.1,660,new,100,-1
1064,-10.5,100,100,22,0.1,938,new,100,-1
1065,-10.5,100,100,21,0.1,989,new,100,-1
1066,-10.5,100,100,19,0.1,712,new,100,-1
1067,-10.5,100,100,23,0.1,647,new,100,-1
1068,-10.5,100,100,23,0.1,620,new,100,-1
1069,-10.5,100,100,28,0.1,926,new,100,-1
1070,-10.5,100,100,32,0.1,989,new,100,-1
1071,-10.5,100,100,26,0.1,1278,new,100,-1
1072,-10.5,100,100,25,0.1,926,new,100,-1
1073,-10.5,100,100,26,0.1,1549,new,100,-1
1074,-10.5,100,100,26,0.1,414,new,100,-1
1075,-10.5,100,100,22,0.1,680,new,100,-1
1076,-10.5,100,100,23,0.1,774,new,100,-1
1077,-10.5,100,100,19,0.1,620,new,100,-1
1078,-10.5,100,100,22,0.1,946,new,100,-1
1079,-10.5,100,100,27,0.1,1746,new,100,-1
1080,-10.5,100,100,21,0.1,597,new,100,-1
1081,-10.5,100,100,26,0.1,1746,new,100,-1
1082,-10.5,100,100,26,0.1,1549,new,100,-1
1083,-10.5,100,100,22,0.1,806,new,100,-1
1084,-10.5,100,100,21,0.1,1164,new,100,-1
1085,-10.5,100,100,27,0.1,976,new,100,-1
1086,-10.5,100,100,25,0.1,2228,new,100,-1
1087,-10.5,100,100,27,0.1,1309,new,100,-1
1088,-10.5,100,100,28,0.1,660,new,100,-1
1089,-10.5,100,100,25,0.1,929,new,100,-1
1090,-10.5,100,100,23,0.1,926,new,100,-1
1091,-10.5,100,100,24,0.1,620,new,100,-1
1092,-10.5,100,100,24,0.1,1441,new,100,-1
1093,-10.5,100,100,22,0.1,848,new,100,-1
1094,-10.5,100,100,28,0.1,1441,new,100,-1
1095,-10.5,100,100,28,0.1,2228,new,100,-1
1096,-10.5,100,100,26,0.1,1278,new,100,-1
1097,-10.5,100,100,25,0.1,1652,new,100,-1
1098,-10.5,100,100,22,0.1,1309,new,100,-1
1099,-10.5,100,100,31,0.1,620,new,100,-1
1100,-10.5,100,100,24,0.1,773,new,100,-1
1101,-10.5,100,100,27,0.1,926,new,100,-1
1102,-10.5,100,100,25,0.1,660,new,100,-1
1103,-10.5,100,100,27,0.1,1606,new,100,-1
1104,-10.5,100,100,34,0.1,1278,new,100,-1
1105,-10.5,100,100,27,0.1,926,new,100,-1
1106,-10.5,100,100,21,0.1,353,new,100,-1
1107,-10.5,100,100,20,0.1,1001,new,100,-1
1108,-10.5,100,100,22,0.1,1337,new,100,-1
1109,-10.5,100,100,20,0.1,292,new,100,-1
1110,-10.5,100,100,23,0.1,926,new,100,-1
1111,-10.5,100,100,27,0.1,430,new,100,-1
1112,-10.5,100,100,27,0.1,660,new,100,-1
1113,-10.5,100,100,30,0.1,1278,new,100,-1
1114,-10.5,100,100,28,0.1,620,new,100,-1
1115,-10.5,100,100,21,0.1,926,new,100,-1
1116,-10.5,100,100,23,0.1,926,new,100,-1
1117,-10.5,100,200,22,0.1,908,known,100,-1
1118,-10.5,100,200,16,0.1,1155,known,100,-1
1119,-10.5,100,200,22,0.1,1357,known,100,-1
1120,-10.5,100,200,22,0.1,917,known,100,-1
1121,-10.5,100,200,18,0.1,969,known,100,-1
1122,-10.5,100,200,14,0.1,274,known,100,-1
1123,-10.5,100,200,19,0.1,1822,known,100,-1
1124,-10.5,100,200,21,0.1,401,known,100,-1
1125,-10.5,100,200,18,0.1,524,known,100,-1
1126,-10.5,100,200,29,0.1,1773,known,100,-1
1127,-10.5,100,200,20,0.1,532,known,100,-1
1128,-10.5,100,200,18,0.1,463,known,100,-1
1129,-10.5,100,200,21,0.1,1057,known,100,-1
1130,-10.5,100,200,18,0.1,597,known,100,-1
1131,-10.5,100,200,17,0.1,273,known,100,-1
1132,-10.5,100,200,20,0.1,568,known,100,-1
1133,-10.5,100,200,26,0.1,863,known,100,-1
1134,-10.5,100,200,10,0.1,328,known,100,-1
1135,-10.5,100,200,22,0.1,1023,known,100,-1
1136,-10.5,100,200,20,0.1,1282,known,100,-1
1137,-10.5,100,200,22,0.1,1228,known,100,-1
1138,-10.5,100,200,12,0.1,908,known,100,-1
1139,-10.5,100,200,17,0.1,472,known,100,-1
1140,-10.5,100,200,22,0.1,577,known,100,-1
1141,-10.5,100,200,8,0.1,443,known,100,-1
1142,-10.5,100,200,24,0.1,1240,known,100,-1
1143,-10.5,100,200,20,0.1,382,known,100,-1
1144,-10.5,100,200,15,0.1,421,known,100,-1
1145,-10.5,100,200,16,0.1,473,known,100,-1
1146,-10.5,100,200,20,0.1,1106,known,100,-1
1147,-10.5,100,200,17,0.1,1224,known,100,-1
1148,-10.5,100,200,10,0.1,222,known,100,-1
1149,-10.5,100,200,25,0.1,931,known,100,-1
1150,-10.5,100,200,19,0.1,735,known,100,-1
1151,-10.5,100,200,26,0.1,976,known,100,-1
1152,-10.5,100,200,28,0.1,780,known,100,-1
1153,-10.5,100,200,25,0.1,1751,known,100,-1
1154,-10.5,100,200,20,0.1,1979,known,100,-1
1155,-10.5,100,200,18,0.1,530,known,100,-1
1156,-10.5,100,200,24,0.1,926,known,100,-1
1157,-10.5,100,200,25,0.1,1344,known,100,-1
1158,-10.5,100,200,21,0.1,824,known,100,-1
1159,-10.5,100,200,18,0.1,1347,known,100,-1
1160,-10.5,100,200,12,0.1,201,known,100,-1
1161,-10.5,100,200,24,0.1,1273,known,100,-1
1162,-10.5,100,200,15,0.1,1107,known,100,-1
1163,-10.5,100,200,22,0.1,779,known,100,-1
1164,-10.5,100,200,2,0.1,84,known,100,-1
1165,-10.5,100,200,18,0.1,533,known,100,-1
1166,-10.5,100,200,17,0.1,822,known,100,-1
1167,-10.5,100,200,26,0.1,2137,known,100,-1
1168,-10.5,100,200,25,0.1,1071,known,100,-1
1169,-10.5,100,200,18,0.1,383,known,100,-1
1170,-10.5,100,200,18,0.1,500,known,100,-1
1171,-10.5,100,200,12,0.1,412,known,100,-1
1172,-10.5,100,200,19,0.1,929,known,100,-1
1173,-10.5,100,200,21,0.1,647,known,100,-1
1174,-10.5,100,200,19,0.1,315,known,100,-1
1175,-10.5,100,200,24,0.1,572,known,100,-1
1176,-10.5,100,200,22,0.1,661,known,100,-1
1177,-10.5,100,200,22,0.1,747,known,100,-1
1178,-10.5,100,200,18,0.1,1163,known,100,-1
1179,-10.5,100,200,18,0.1,234,known,100,-1
1180,-10.5,100,200,18,0.1,291,known,100,-1
1181,-10.5,100,200,23,0.1,662,known,100,-1
1182,-10.5,100,200,25,0.1,929,known,100,-1
1183,-10.5,100,200,15,0.1,246,known,100,-1
1184,-10.5,100,200,23,0.1,513,known,100,-1
1185,-10.5,100,200,21,0.1,1219,known,100,-1
1186,-10.5,100,200,20,0.1,1761,known,100,-1
1187,-10.5,100,200,21,0.1,1157,known,100,-1
1188,-10.5,100,200,18,0.1,426,known,100,-1
1189,-10.5,100,200,20,0.1,1023,known,100,-1
1190,-10.5,100,200,20,0.1,619,known,100,-1
1191,-10.5,100,200,25,0.1,1244,known,100,-1
1192,-10.5,100,200,26,0.1,701,known,100,-1
1193,-10.5,100,200,19,0.1,1023,known,100,-1
1194,-10.5,100,200,23,0.1,597,known,100,-1
1195,-10.5,100,200,19,0.1,926,known,100,-1
1196,-10.5,100,200,12,0.1,300,known,100,-1
1197,-10.5,100,200,18,0.1,1072,known,100,-1
1198,-10.5,100,200,21,0.1,500,known,100,-1
1199,-10.5,100,200,25,0.1,792,known,100,-1
1200,-10.5,100,200,20,0.1,1628,known,100,-1
1201,-10.5,100,200,23,0.1,371,known,100,-1
1202,-10.5,100,200,13,0.1,599,known,100,-1
1203,-10.5,100,200,17,0.1,464,known,100,-1
1204,-10.5,100,200,20,0.1,1137,known,100,-1
1205,-10.5,100,200,17,0.1,423,known,100,-1
1206,-10.5,100,200,17,0.1,526,known,100,-1
1207,-10.5,100,200,21,0.1,926,known,100,-1
1208,-10.5,100,200,17,0.1,744,known,100,-1
1209,-10.5,100,200,21,0.1,1183,known,100,-1
1210,-10.5,100,200,15,0.1,502,known,100,-1
1211,-10.5,100,200,20,0.1,514,known,100,-1
1212,-10.5,100,200,20,0.1,592,known,100,-1
1213,-10.5,100,200,19,0.1,491,known,100,-1
1214,-10.5,100,200,19,0.1,701,known,100,-1
1215,-10.5,100,200,21,0.1,1228,known,100,-1
1216,-10.5,100,200,19,0.1,1338,known,100,-1
1217,-10.5,100,200,19,0.1,1028,known,100,-1
1218,-10.5,100,200,17,0.1,648,known,100,-1
1219,-10.5,100,200,22,0.1,1406,known,100,-1
1220,-10.5,100,200,24,0.1,668,known,100,-1
1221,-10.5,100,200,16,0.1,377,known,100,-1
1222,-10.5,100,200,27,0.1,1328,known,100,-1
1223,-10.5,100,200,11,0.1,535,known,100,-1
1224,-10.5,100,200,23,0.1,1130,known,100,-1
1225,-10.5,100,200,16,0.1,412,known,100,-1
1226,-10.5,100,200,22,0.1,1199,known,100,-1
1227,-10.5,100,200,11,0.1,272,known,100,-1
1228,-10.5,100,200,20,0.1,973,known,100,-1
1229,-10.5,100,200,22,0.1,1141,known,100,-1
1230,-10.5,100,200,14,0.1,863,known,100,-1
1231,-10.5,100,200,23,0.1,1054,known,100,-1
1232,-10.5,100,200,25,0.1,590,known,100,-1
1233,-10.5,100,200,24,0.1,1311,known,100,-1
1234,-10.5,100,200,16,0.1,521,known,100,-1
1235,-10.5,100,200,20,0.1,619,known,100,-1
1236,-10.5,100,200,23,0.1,1804,known,100,-1
1237,-10.5,100,200,25,0.1,358,known,100,-1
1238,-10.5,100,200,10,0.1,669,known,100,-1
1239,-10.5,100,200,14,0.1,324,known,100,-1
1240,-10.5,100,200,9,0.1,525,known,100,-1
1241,-10.5,100,200,17,0.1,627,known,100,-1
1242,-10.5,100,200,23,0.1,1072,known,100,-1
1243,-10.5,100,200,22,0.1,1057,known,100,-1
1244,-10.5,100,200,16,0.1,1716,known,100,-1
1245,-10.5,100,200,20,0.1,2771,known,100,-1
1246,-10.5,100,200,25,0.1,510,known,100,-1
1247,-10.5,100,200,16,0.1,863,known,100,-1
1248,-10.5,100,200,25,0.1,1677,known,100,-1
1249,-10.5,100,200,18,0.1,698,known,100,-1
1250,-10.5,100,200,23,0.1,926,known,100,-1
1251,-10.5,100,200,17,0.1,491,known,100,-1
1252,-10.5,100,200,23,0.1,926,known,100,-1
1253,-10.5,100,200,25,0.1,475,known,100,-1
1254,-10.5,100,200,21,0.1,736,known,100,-1
1255,-10.5,100,200,21,0.1,798,known,100,-1
1256,-10.5,100,200,17,0.1,799,known,100,-1
1257,-10.5,100,200,27,0.1,1346,known,100,-1
1258,-10.5,100,200,21,0.1,645,known,100,-1
1259,-10.5,100,200,25,0.1,1194,known,100,-1
1260,-10.5,100,200,18,0.1,562,known,100,-1
1261,-10.5,100,200,12,0.1,288,known,100,-1
1262,-10.5,100,200,19,0.1,1275,known,100,-1
1263,-10.5,100,200,27,0.1,472,known,100,-1
1264,-10.5,100,200,19,0.1,366,known,100,-1
1265,-10.5,100,200,19,0.1,1360,known,100,-1
1266,-10.5,100,200,16,0.1,913,known,100,-1
1267,-10.5,100,200,15,0.1,379,known,100,-1
1268,-10.5,100,200,19,0.1,981,known,100,-1
1269,-10.5,100,200,25,0.1,1521,known,100,-1
1270,-10.5,100,200,13,0.1,215,known,100,-1
1271,-10.5,100,200,21,0.1,535,known,100,-1
1272,-10.5,100,200,19,0.1,662,known,100,-1
1273,-10.5,100,200,24,0.1,1200,known,100,-1
1274,-10.5,100,200,8,0.1,108,known,100,-1
1275,-10.5,100,200,15,0.1,292,known,100,-1
1276,-10.5,100,200,16,0.1,300,known,100,-1
1277,-10.5,100,200,21,0.1,1155,known,100,-1
1278,-10.5,100,200,22,0.1,1635,known,100,-1
1279,-10.5,100,200,19,0.1,652,known,100,-1
1280,-10.5,100,200,18,0.1,1406,known,100,-1
1281,-10.5,100,200,16,0.1,379,known,100,-1
1282,-10.5,100,200,25,0.1,1194,known,100,-1
1283,-10.5,100,200,22,0.1,451,known,100,-1
1284,-10.5,100,200,19,0.1,464,known,100,-1
1285,-10.5,100,200,25,0.1,1199,known,100,-1
1286,-10.5,100,200,24,0.1,1057,known,100,-1
1287,-10.5,100,200,24,0.1,2777,known,100,-1
1288,-10.5,100,200,13,0.1,413,known,100,-1
1289,-10.5,100,200,11,0.1,477,known,100,-1
1290,-10.5,100,200,22,0.1,1220,known,100,-1
1291,-10.5,100,200,21,0.1,735,known,100,-1
1292,-10.5,100,200,10,0.1,401,known,100,-1
1293,-10.5,100,200,16,0.1,632,known,100,-1
1294,-10.5,100,200,12,0.1,589,known,100,-1
1295,-10.5,100,200,20,0.1,1652,known,100,-1
1296,-10.5,100,200,11,0.1,395,known,100,-1
1297,-10.5,100,200,15,0.1,521,known,100,-1
1298,-10.5,100,200,17,0.1,555,known,100,-1
1299,-10.5,100,200,13,0.1,926,known,100,-1
1300,-10.5,100,200,13,0.1,871,known,100,-1
1301,-10.5,100,200,22,0.1,454,known,100,-1
1302,-10.5,100,200,19,0.1,632,known,100,-1
1303,-10.5,100,200,14,0.1,747,known,100,-1
1304,-10.5,100,200,13,0.1,448,known,100,-1
1305,-10.5,100,200,16,0.1,643,known,100,-1
1306,-10.5,100,200,18,0.1,1199,known,100,-1
1307,-10.5,100,200,26,0.1,1771,known,100,-1
1308,-10.5,100,200,10,0.1,283,known,100,-1
1309,-10.5,100,200,18,0.1,475,known,100,-1
1310,-10.5,100,200,21,0.1,599,known,100,-1
1311,-10.5,100,200,22,0.1,813,known,100,-1
1312,-10.5,100,200,23,0.1,565,known,100,-1
1313,-10.5,100,200,17,0.1,801,known,100,-1
1314,-10.5,100,200,20,0.1,1130,known,100,-1
1315,-10.5,100,200,15,0.1,926,known,100,-1
1316,-10.5,100,200,27,0.1,1494,known,100,-1
1317,-10.5,100,200,24,0.1,530,new,100,-1
1318,-10.5,100,200,19,0.1,597,new,100,-1
1319,-10.5,100,200,22,0.1,368,new,100,-1
1320,-10.5,100,200,26,0.1,735,new,100,-1
1321,-10.5,100,200,22,0.1,779,new,100,-1
1322,-10.5,100,200,20,0.1,540,new,100,-1
1323,-10.5,100,200,22,0.1,1285,new,100,-1
1324,-10.5,100,200,24,0.1,1021,new,100,-1
1325,-10.5,100,200,19,0.1,283,new,100,-1
1326,-10.5,100,200,28,0.1,1426,new,100,-1
1327,-10.5,100,200,15,0.1,451,new,100,-1
1328,-10.5,100,200,21,0.1,1479,new,100,-1
1329,-10.5,100,200,18,0.1,359,new,100,-1
1330,-10.5,100,200,24,0.1,1125,new,100,-1
1331,-10.5,100,200,24,0.1,863,new,100,-1
1332,-10.5,100,200,21,0.1,662,new,100,-1
1333,-10.5,100,200,24,0.1,829,new,100,-1
1334,-10.5,100,200,22,0.1,535,new,100,-1
1335,-10.5,100,200,26,0.1,505,new,100,-1
1336,-10.5,100,200,26,0.1,1155,new,100,-1
1337,-10.5,100,200,25,0.1,458,new,100,-1
1338,-10.5,100,200,17,0.1,1413,new,100,-1
1339,-10.5,100,200,25,0.1,1275,new,100,-1
1340,-10.5,100,200,27,0.1,362,new,100,-1
1341,-10.5,100,200,25,0.1,858,new,100,-1
1342,-10.5,100,200,22,0.1,876,new,100,-1
1343,-10.5,100,200,23,0.1,590,new,100,-1
1344,-10.5,100,200,21,0.1,1370,new,100,-1
1345,-10.5,100,200,24,0.1,1177,new,100,-1
1346,-10.5,100,200,24,0.1,364,new,100,-1
1347,-10.5,100,200,26,0.1,575,new,100,-1
1348,-10.5,100,200,23,0.1,1736,new,100,-1
1349,-10.5,100,200,23,0.1,908,new,100,-1
1350,-10.5,100,200,26,0.1,891,new,100,-1
1351,-10.5,100,200,26,0.1,882,new,100,-1
1352,-10.5,100,200,20,0.1,439,new,100,-1
1353,-10.5,100,200,21,0.1,590,new,100,-1
1354,-10.5,100,200,25,0.1,511,new,100,-1
1355,-10.5,100,200,25,0.1,685,new,100,-1
1356,-10.5,100,200,26,0.1,955,new,100,-1
1357,-10.5,100,200,20,0.1,202,new,100,-1
1358,-10.5,100,200,25,0.1,1023,new,100,-1
1359,-10.5,100,200,27,0.1,1180,new,100,-1
1360,-10.5,100,200,25,0.1,1155,new,100,-1
1361,-10.5,100,200,27,0.1,928,new,100,-1
1362,-10.5,100,200,21,0.1,519,new,100,-1
1363,-10.5,100,200,19,0.1,491,new,100,-1
1364,-10.5,100,200,19,0.1,909,new,100,-1
1365,-10.5,100,200,23,0.1,425,new,100,-1
1366,-10.5,100,200,22,0.1,1228,new,100,-1
1367,-10.5,100,200,29,0.1,909,new,100,-1
1368,-10.5,100,200,20,0.1,639,new,100,-1
1369,-10.5,100,200,21,0.1,1402,new,100,-1
1370,-10.5,100,200,24,0.1,1309,new,100,-1
1371,-10.5,100,200,27,0.1,763,new,100,-1
1372,-10.5,100,200,23,0.1,2265,new,100,-1
1373,-10.5,100,200,28,0.1,909,new,100,-1
1374,-10.5,100,200,25,0.1,1440,new,100,-1
1375,-10.5,100,200,22,0.1,817,new,100,-1
1376,-10.5,100,200,23,0.1,1041,new,100,-1
1377,-10.5,100,200,21,0.1,1491,new,100,-1
1378,-10.5,100,200,25,0.1,521,new,100,-1
1379,-10.5,100,200,25,0.1,946,new,100,-1
1380,-10.5,100,200,19,0.1,655,new,100,-1
1381,-10.5,100,200,22,0.1,460,new,100,-1
1382,-10.5,100,200,25,0.1,822,new,100,-1
1383,-10.5,100,200,21,0.1,1395,new,100,-1
1384,-10.5,100,200,24,0.1,491,new,100,-1
1385,-10.5,100,200,25,0.1,1031,new,100,-1
1386,-10.5,100,200,23,0.1,685,new,100,-1
1387,-10.5,100,200,25,0.1,597,new,100,-1
1388,-10.5,100,200,23,0.1,1275,new,100,-1
1389,-10.5,100,200,20,0.1,925,new,100,-1
1390,-10.5,100,200,24,0.1,926,new,100,-1
1391,-10.5,100,200,20,0.1,530,new,100,-1
1392,-10.5,100,200,20,0.1,514,new,100,-1
1393,-10.5,100,200,25,0.1,625,new,100,-1
1394,-10.5,100,200,17,0.1,1110,new,100,-1
1395,-10.5,100,200,22,0.1,418,new,100,-1
1396,-10.5,100,200,24,0.1,645,new,100,-1
1397,-10.5,100,200,24,0.1,1151,new,100,-1
1398,-10.5,100,200,19,0.1,472,new,100,-1
1399,-10.5,100,200,23,0.1,540,new,100,-1
1400,-10.5,100,200,25,0.1,1057,new,100,-1
1401,-10.5,100,200,16,0.1,503,new,100,-1
1402,-10.5,100,200,26,0.1,1054,new,100,-1
1403,-10.5,100,200,25,0.1,409,new,100,-1
1404,-10.5,100,200,25,0.1,959,new,100,-1
1405,-10.5,100,200,23,0.1,1647,new,100,-1
1406,-10.5,100,200,24,0.1,1265,new,100,-1
1407,-10.5,100,200,19,0.1,685,new,100,-1
1408,-10.5,100,200,21,0.1,383,new,100,-1
1409,-10.5,100,200,21,0.1,747,new,100,-1
1410,-10.5,100,200,24,0.1,926,new,100,-1
1411,-10.5,100,200,23,0.1,1683,new,100,-1
1412,-10.5,100,200,19,0.1,619,new,100,-1
1413,-10.5,100,200,22,0.1,1057,new,100,-1
1414,-10.5,100,200,23,0.1,406,new,100,-1
1415,-10.5,100,200,23,0.1,833,new,100,-1
1416,-10.5,100,200,22,0.1,685,new,100,-1
1417,-10.5,100,200,21,0.1,1220,new,100,-1
1418,-10.5,100,200,25,0.1,1023,new,100,-1
1419,-10.5,100,200,22,0.1,909,new,100,-1
1420,-10.5,100,200,27,0.1,419,new,100,-1
1421,-10.5,100,200,22,0.1,926,new,100,-1
1422,-10.5,100,200,26,0.1,521,new,100,-1
1423,-10.5,100,200,23,0.1,1251,new,100,-1
1424,-10.5,100,200,21,0.1,925,new,100,-1
1425,-10.5,100,200,25,0.1,647,new,100,-1
1426,-10.5,100,200,23,0.1,1167,new,100,-1
1427,-10.5,100,200,25,0.1,693,new,100,-1
1428,-10.5,100,200,18,0.1,201,new,100,-1
1429,-10.5,100,200,21,0.1,909,new,100,-1
1430,-10.5,100,200,24,0.1,426,new,100,-1
1431,-10.5,100,200,28,0.1,514,new,100,-1
1432,-10.5,100,200,26,0.1,930,new,100,-1
1433,-10.5,100,200,22,0.1,383,new,100,-1
1434,-10.5,100,200,22,0.1,888,new,100,-1
1435,-10.5,100,200,28,0.1,1446,new,100,-1
1436,-10.5,100,200,19,0.1,655,new,100,-1
1437,-10.5,100,200,23,0.1,530,new,100,-1
1438,-10.5,100,200,20,0.1,562,new,100,-1
1439,-10.5,100,200,25,0.1,511,new,100,-1
1440,-10.5,100,200,25,0.1,993,new,100,-1
1441,-10.5,100,200,29,0.1,735,new,100,-1
1442,-10.5,100,200,19,0.1,353,new,100,-1
1443,-10.5,100,200,17,0.1,377,new,100,-1
1444,-10.5,100,200,20,0.1,1275,new,100,-1
1445,-10.5,100,200,22,0.1,425,new,100,-1
1446,-10.5,100,200,27,0.1,959,new,100,-1
1447,-10.5,100,200,20,0.1,1032,new,100,-1
1448,-10.5,100,200,22,0.1,467,new,100,-1
1449,-10.5,100,200,23,0.1,1244,new,100,-1
1450,-10.5,100,200,19,0.1,353,new,100,-1
1451,-10.5,100,200,22,0.1,1210,new,100,-1
1452,-10.5,100,200,26,0.1,1023,new,100,-1
1453,-10.5,100,200,23,0.1,367,new,100,-1
1454,-10.5,100,200,25,0.1,496,new,100,-1
1455,-10.5,100,200,23,0.1,1616,new,100,-1
1456,-10.5,100,200,27,0.1,1210,new,100,-1
1457,-10.5,100,200,22,0.1,909,new,100,-1
1458,-10.5,100,200,25,0.1,518,new,100,-1
1459,-10.5,100,200,22,0.1,475,new,100,-1
1460,-10.5,100,200,27,0.1,228,new,100,-1
1461,-10.5,100,200,28,0.1,2296,new,100,-1
1462,-10.5,100,200,25,0.1,1021,new,100,-1
1463,-10.5,100,200,20,0.1,1275,new,100,-1
1464,-10.5,100,200,24,0.1,1382,new,100,-1
1465,-10.5,100,200,23,0.1,1155,new,100,-1
1466,-10.5,100,200,20,0.1,413,new,100,-1
1467,-10.5,100,200,25,0.1,1275,new,100,-1
1468,-10.5,100,200,23,0.1,475,new,100,-1
1469,-10.5,100,200,29,0.1,491,new,100,-1
1470,-10.5,100,200,20,0.1,555,new,100,-1
1471,-10.5,100,200,24,0.1,1208,new,100,-1
1472,-10.5,100,200,25,0.1,813,new,100,-1
1473,-10.5,100,200,24,0.1,959,new,100,-1
1474,-10.5,100,200,20,0.1,639,new,100,-1
1475,-10.5,100,200,24,0.1,1450,new,100,-1
1476,-10.5,100,200,30,0.1,989,new,100,-1
1477,-10.5,100,200,25,0.1,358,new,100,-1
1478,-10.5,100,200,24,0.1,1278,new,100,-1
1479,-10.5,100,200,23,0.1,1230,new,100,-1
1480,-10.5,100,200,18,0.1,640,new,100,-1
1481,-10.5,100,200,28,0.1,1072,new,100,-1
1482,-10.5,100,200,21,0.1,389,new,100,-1
1483,-10.5,100,200,24,0.1,1144,new,100,-1
1484,-10.5,100,200,23,0.1,418,new,100,-1
1485,-10.5,100,200,21,0.1,551,new,100,-1
1486,-10.5,100,200,22,0.1,274,new,100,-1
1487,-10.5,100,200,23,0.1,455,new,100,-1
1488,-10.5,100,200,24,0.1,929,new,100,-1
1489,-10.5,100,200,25,0.1,505,new,100,-1
1490,-10.5,100,200,22,0.1,654,new,100,-1
1491,-10.5,100,200,23,0.1,444,new,100,-1
1492,-10.5,100,200,18,0.1,413,new,100,-1
1493,-10.5,100,200,26,0.1,460,new,100,-1
1494,-10.5,100,200,23,0.1,1191,new,100,-1
1495,-10.5,100,200,26,0.1,426,new,100,-1
1496,-10.5,100,200,24,0.1,1716,new,100,-1
1497,-10.5,100,200,28,0.1,264,new,100,-1
1498,-10.5,100,200,24,0.1,989,new,100,-1
1499,-10.5,100,200,23,0.1,891,new,100,-1
1500,-10.5,100,200,25,0.1,560,new,100,-1
1501,-10.5,100,200,23,0.1,447,new,100,-1
1502,-10.5,100,200,20,0.1,441,new,100,-1
1503,-10.5,100,200,24,0.1,1021,new,100,-1
1504,-10.5,100,200,24,0.1,938,new,100,-1
1505,-10.5,100,200,22,0.1,227,new,100,-1
1506,-10.5,100,200,25,0.1,1794,new,100,-1
1507,-10.5,100,200,26,0.1,382,new,100,-1
1508,-10.5,100,200,25,0.1,1023,new,100,-1
1509,-10.5,100,200,21,0.1,597,new,100,-1
1510,-10.5,100,200,28,0.1,705,new,100,-1
1511,-10.5,100,200,26,0.1,727,new,100,-1
1512,-10.5,100,200,20,0.1,461,new,100,-1
1513,-10.5,100,200,24,0.1,1119,new,100,-1
1514,-10.5,100,200,19,0.1,639,new,100,-1
1515,-10.5,100,200,27,0.1,360,new,100,-1
1516,-50.5,100,1,0,0.5,0,known,100,-1
1517,-50.5,100,2,0,0.5,0,known,100,-1
1518,-50.5,100,2,0,0.5,0,known,100,-1
1519,-50.5,100,2,48,0.5,335,new,100,-1
1520,-50.5,100,5,0,0.5,0,known,100,-1
1521,-50.5,100,5,1,0.5,81,known,100,-1
1522,-50.5,100,5,34,0.5,625,known,100,-1
1523,-50.5,100,5,1,0.5,59,known,100,-1
1524,-50.5,100,5,2,0.5,76,known,100,-1
1525,-50.5,100,5,50,0.5,597,new,100,-1
1526,-50.5,100,5,41,0.5,597,new,100,-1
1527,-50.5,100,5,49,0.5,597,new,100,-1
1528,-50.5,100,5,50,0.5,366,new,100,-1
1529,-50.5,100,10,2,0.5,53,known,100,-1
1530,-50.5,100,10,7,0.5,174,known,100,-1
1531,-50.5,100,10,50,0.5,1703,known,100,-1
1532,-50.5,100,10,3,0.5,169,known,100,-1
1533,-50.5,100,10,1,0.5,6,known,100,-1
1534,-50.5,100,10,1,0.5,149,known,100,-1
1535,-50.5,100,10,4,0.5,597,known,100,-1
1536,-50.5,100,10,27,0.5,953,known,100,-1
1537,-50.5,100,10,16,0.5,581,known,100,-1
1538,-50.5,100,10,0,0.5,0,known,100,-1
1539,-50.5,100,10,45,0.5,926,new,100,-1
1540,-50.5,100,10,61,0.5,1368,new,100,-1
1541,-50.5,100,10,48,0.5,484,new,100,-1
1542,-50.5,100,10,41,0.5,733,new,100,-1
1543,-50.5,100,10,46,0.5,361,new,100,-1
1544,-50.5,100,10,58,0.5,926,new,100,-1
1545,-50.5,100,10,39,0.5,361,new,100,-1
1546,-50.5,100,10,48,0.5,926,new,100,-1
1547,-50.5,100,10,50,0.5,828,new,100,-1
1548,-50.5,100,15,40,0.5,1021,known,100,-1
1549,-50.5,100,15,21,0.5,530,known,100,-1
1550,-50.5,100,15,59,0.5,1041,known,100,-1
1551,-50.5,100,15,44,0.5,1078,known,100,-1
1552,-50.5,100,15,29,0.5,1041,known,100,-1
1553,-50.5,100,15,54,0.5,1623,known,100,-1
1554,-50.5,100,15,59,0.5,1078,known,100,-1
1555,-50.5,100,15,25,0.5,550,known,100,-1
1556,-50.5,100,15,48,0.5,1826,known,100,-1
1557,-50.5,100,15,45,0.5,1181,known,100,-1
1558,-50.5,100,15,51,0.5,784,known,100,-1
1559,-50.5,100,15,26,0.5,1057,known,100,-1
1560,-50.5,100,15,2,0.5,68,known,100,-1
1561,-50.5,100,15,39,0.5,1041,known,100,-1
1562,-50.5,100,15,42,0.5,946,known,100,-1
1563,-50.5,100,15,51,0.5,597,new,100,-1
1564,-50.5,100,15,45,0.5,491,new,100,-1
1565,-50.5,100,15,43,0.5,1623,new,100,-1
1566,-50.5,100,15,51,0.5,858,new,100,-1
1567,-50.5,100,15,48,0.5,1021,new,100,-1
1568,-50.5,100,15,43,0.5,1623,new,100,-1
1569,-50.5,100,15,49,0.5,1057,new,100,-1
1570,-50.5,100,15,44,0.5,568,new,100,-1
1571,-50.5,100,15,50,0.5,1041,new,100,-1
1572,-50.5,100,15,36,0.5,355,new,100,-1
1573,-50.5,100,15,42,0.5,246,new,100,-1
1574,-50.5,100,15,48,0.5,502,new,100,-1
1575,-50.5,100,15,51,0.5,404,new,100,-1
1576,-50.5,100,15,45,0.5,1623,new,100,-1
1577,-50.5,100,50,35,0.5,604,known,100,-1
1578,-50.5,100,50,31,0.5,448,known,100,-1
1579,-50.5,100,50,44,0.5,730,known,100,-1
1580,-50.5,100,50,50,0.5,1348,known,100,-1
1581,-50.5,100,50,32,0.5,707,known,100,-1
1582,-50.5,100,50,59,0.5,2508,known,100,-1
1583,-50.5,100,50,44,0.5,946,known,100,-1
1584,-50.5,100,50,37,0.5,953,known,100,-1
1585,-50.5,100,50,61,0.5,1954,known,100,-1
1586,-50.5,100,50,57,0.5,1486,known,100,-1
1587,-50.5,100,50,42,0.5,612,known,100,-1
1588,-50.5,100,50,35,0.5,1623,known,100,-1
1589,-50.5,100,50,57,0.5,1213,known,100,-1
1590,-50.5,100,50,31,0.5,353,known,100,-1
1591,-50.5,100,50,35,0.5,813,known,100,-1
1592,-50.5,100,50,52,0.5,1511,known,100,-1
1593,-50.5,100,50,52,0.5,1143,known,100,-1
1594,-50.5,100,50,19,0.5,374,known,100,-1
1595,-50.5,100,50,54,0.5,2508,known,100,-1
1596,-50.5,100,50,54,0.5,1348,known,100,-1
1597,-50.5,100,50,57,0.5,1143,known,100,-1
1598,-50.5,100,50,52,0.5,1623,known,100,-1
1599,-50.5,100,50,54,0.5,1214,known,100,-1
1600,-50.5,100,50,45,0.5,1048,known,100,-1
1601,-50.5,100,50,47,0.5,927,known,100,-1
1602,-50.5,100,50,48,0.5,1486,known,100,-1
1603,-50.5,100,50,38,0.5,1348,known,100,-1
1604,-50.5,100,50,55,0.5,1042,known,100,-1
1605,-50.5,100,50,43,0.5,1348,known,100,-1
1606,-50.5,100,50,44,0.5,1220,known,100,-1
1607,-50.5,100,50,46,0.5,1486,known,100,-1
1608,-50.5,100,50,40,0.5,1042,known,100,-1
1609,-50.5,100,50,48,0.5,411,known,100,-1
1610,-50.5,100,50,59,0.5,2123,known,100,-1
1611,-50.5,100,50,51,0.5,1153,known,100,-1
1612,-50.5,100,50,44,0.5,684,known,100,-1
1613,-50.5,100,50,61,0.5,1348,known,100,-1
1614,-50.5,100,50,39,0.5,1181,known,100,-1
1615,-50.5,100,50,25,0.5,784,known,100,-1
1616,-50.5,100,50,57,0.5,897,known,100,-1
1617,-50.5,100,50,58,0.5,2123,known,100,-1
1618,-50.5,100,50,42,0.5,1361,known,100,-1
1619,-50.5,100,50,45,0.5,671,known,100,-1
1620,-50.5,100,50,43,0.5,1348,known,100,-1
1621,-50.5,100,50,37,0.5,926,known,100,-1
1622,-50.5,100,50,48,0.5,1473,known,100,-1
1623,-50.5,100,50,69,0.5,2508,known,100,-1
1624,-50.5,100,50,46,0.5,735,known,100,-1
1625,-50.5,100,50,41,0.5,813,known,100,-1
1626,-50.5,100,50,33,0.5,707,known,100,-1
1627,-50.5,100,50,48,0.5,597,new,100,-1
1628,-50.5,100,50,47,0.5,685,new,100,-1
1629,-50.5,100,50,48,0.5,379,new,100,-1
1630,-50.5,100,50,49,0.5,960,new,100,-1
1631,-50.5,100,50,48,0.5,926,new,100,-1
1632,-50.5,100,50,55,0.5,1348,new,100,-1
1633,-50.5,100,50,45,0.5,1143,new,100,-1
1634,-50.5,100,50,40,0.5,1143,new,100,-1
1635,-50.5,100,50,50,0.5,1368,new,100,-1
1636,-50.5,100,50,52,0.5,1039,new,100,-1
1637,-50.5,100,50,39,0.5,946,new,100,-1
1638,-50.5,100,50,49,0.5,1213,new,100,-1
1639,-50.5,100,50,51,0.5,1348,new,100,-1
1640,-50.5,100,50,44,0.5,927,new,100,-1
1641,-50.5,100,50,40,0.5,1214,new,100,-1
1642,-50.5,100,50,43,0.5,380,new,100,-1
1643,-50.5,100,50,51,0.5,707,new,100,-1
1644,-50.5,100,50,51,0.5,1014,new,100,-1
1645,-50.5,100,50,52,0.5,927,new,100,-1
1646,-50.5,100,50,42,0.5,926,new,100,-1
1647,-50.5,100,50,55,0.5,446,new,100,-1
1648,-50.5,100,50,54,0.5,1332,new,100,-1
1649,-50.5,100,50,58,0.5,897,new,100,-1
1650,-50.5,100,50,52,0.5,1214,new,100,-1
1651,-50.5,100,50,49,0.5,1361,new,100,-1
1652,-50.5,100,50,57,0.5,1014,new,100,-1
1653,-50.5,100,50,55,0.5,1030,new,100,-1
1654,-50.5,100,50,46,0.5,926,new,100,-1
1655,-50.5,100,50,49,0.5,856,new,100,-1
1656,-50.5,100,50,50,0.5,1665,new,100,-1
1657,-50.5,100,50,49,0.5,1153,new,100,-1
1658,-50.5,100,50,45,0.5,1214,new,100,-1
1659,-50.5,100,50,48,0.5,2508,new,100,-1
1660,-50.5,100,50,54,0.5,1361,new,100,-1
1661,-50.5,100,50,47,0.5,640,new,100,-1
1662,-50.5,100,50,56,0.5,1548,new,100,-1
1663,-50.5,100,50,49,0.5,411,new,100,-1
1664,-50.5,100,50,41,0.5,2508,new,100,-1
1665,-50.5,100,50,53,0.5,927,new,100,-1
1666,-50.5,100,50,56,0.5,685,new,100,-1
1667,-50.5,100,50,42,0.5,618,new,100,-1
1668,-50.5,100,50,48,0.5,926,new,100,-1
1669,-50.5,100,50,46,0.5,926,new,100,-1
1670,-50.5,100,50,58,0.5,1978,new,100,-1
1671,-50.5,100,50,54,0.5,1214,new,100,-1
1672,-50.5,100,50,41,0.5,813,new,100,-1
1673,-50.5,100,50,51,0.5,747,new,100,-1
1674,-50.5,100,50,48,0.5,604,new,100,-1
1675,-50.5,100,50,47,0.5,803,new,100,-1
1676,-50.5,100,100,36,0.5,495,known,100,-1
1677,-50.5,100,100,29,0.5,817,known,100,-1
1678,-50.5,100,100,49,0.5,926,known,100,-1
1679,-50.5,100,100,40,0.5,603,known,100,-1
1680,-50.5,100,100,41,0.5,1348,known,100,-1
1681,-50.5,100,100,38,0.5,550,known,100,-1
1682,-50.5,100,100,37,0.5,458,known,100,-1
1683,-50.5,100,100,40,0.5,494,known,100,-1
1684,-50.5,100,100,50,0.5,768,known,100,-1
1685,-50.5,100,100,48,0.5,709,known,100,-1
1686,-50.5,100,100,46,0.5,1435,known,100,-1
1687,-50.5,100,100,34,0.5,644,known,100,-1
1688,-50.5,100,100,45,0.5,509,known,100,-1
1689,-50.5,100,100,36,0.5,926,known,100,-1
1690,-50.5,100,100,46,0.5,1318,known,100,-1
1691,-50.5,100,100,42,0.5,671,known,100,-1
1692,-50.5,100,100,51,0.5,702,known,100,-1
1693,-50.5,100,100,40,0.5,1246,known,100,-1
1694,-50.5,100,100,36,0.5,492,known,100,-1
1695,-50.5,100,100,51,0.5,926,known,100,-1
1696,-50.5,100,100,44,0.5,926,known,100,-1
1697,-50.5,100,100,44,0.5,1090,known,100,-1
1698,-50.5,100,100,51,0.5,1130,known,100,-1
1699,-50.5,100,100,40,0.5,648,known,100,-1
1700,-50.5,100,100,31,0.5,411,known,100,-1
1701,-50.5,100,100,44,0.5,578,known,100,-1
1702,-50.5,100,100,44,0.5,1098,known,100,-1
1703,-50.5,100,100,34,0.5,335,known,100,-1
1704,-50.5,100,100,43,0.5,863,known,100,-1
1705,-50.5,100,100,44,0.5,843,known,100,-1
1706,-50.5,100,100,50,0.5,896,known,100,-1
1707,-50.5,100,100,40,0.5,566,known,100,-1
1708,-50.5,100,100,51,0.5,722,known,100,-1
1709,-50.5,100,100,49,0.5,1488,known,100,-1
1710,-50.5,100,100,45,0.5,735,known,100,-1
1711,-50.5,100,100,60,0.5,1489,known,100,-1
1712,-50.5,100,100,46,0.5,526,known,100,-1
1713,-50.5,100,100,44,0.5,1896,known,100,-1
1714,-50.5,100,100,33,0.5,1040,known,100,-1
1715,-50.5,100,100,45,0.5,1348,known,100,-1
1716,-50.5,100,100,45,0.5,426,known,100,-1
1717,-50.5,100,100,35,0.5,777,known,100,-1
1718,-50.5,100,100,43,0.5,863,known,100,-1
1719,-50.5,100,100,45,0.5,603,known,100,-1
1720,-50.5,100,100,42,0.5,1399,known,100,-1
1721,-50.5,100,100,53,0.5,1382,known,100,-1
1722,-50.5,100,100,39,0.5,1348,known,100,-1
1723,-50.5,100,100,29,0.5,486,known,100,-1
1724,-50.5,100,100,41,0.5,926,known,100,-1
1725,-50.5,100,100,44,0.5,1820,known,100,-1
1726,-50.5,100,100,43,0.5,619,known,100,-1
1727,-50.5,100,100,47,0.5,895,known,100,-1
1728,-50.5,100,100,57,0.5,823,known,100,-1
1729,-50.5,100,100,48,0.5,1491,known,100,-1
1730,-50.5,100,100,46,0.5,806,known,100,-1
1731,-50.5,100,100,52,0.5,730,known,100,-1
1732,-50.5,100,100,41,0.5,605,known,100,-1
1733,-50.5,100,100,44,0.5,821,known,100,-1
1734,-50.5,100,100,37,0.5,646,known,100,-1
1735,-50.5,100,100,26,0.5,597,known,100,-1
1736,-50.5,100,100,50,0.5,1435,known,100,-1
1737,-50.5,100,100,38,0.5,889,known,100,-1
1738,-50.5,100,100,49,0.5,1276,known,100,-1
1739,-50.5,100,100,47,0.5,1254,known,100,-1
1740,-50.5,100,100,47,0.5,942,known,100,-1
1741,-50.5,100,100,41,0.5,648,known,100,-1
1742,-50.5,100,100,38,0.5,1228,known,100,-1
1743,-50.5,100,100,47,0.5,1435,known,100,-1
1744,-50.5,100,100,46,0.5,1074,known,100,-1
1745,-50.5,100,100,37,0.5,1574,known,100,-1
1746,-50.5,100,100,47,0.5,492,known,100,-1
1747,-50.5,100,100,47,0.5,1040,known,100,-1
1748,-50.5,100,100,44,0.5,620,known,100,-1
1749,-50.5,100,100,46,0.5,1318,known,100,-1
1750,-50.5,100,100,51,0.5,720,known,100,-1
1751,-50.5,100,100,42,0.5,521,known,100,-1
1752,-50.5,100,100,48,0.5,1023,known,100,-1
1753,-50.5,100,100,33,0.5,320,known,100,-1
1754,-50.5,100,100,44,0.5,1647,known,100,-1
1755,-50.5,100,100,45,0.5,739,known,100,-1
1756,-50.5,100,100,39,0.5,1357,known,100,-1
1757,-50.5,100,100,56,0.5,578,known,100,-1
1758,-50.5,100,100,42,0.5,644,known,100,-1
1759,-50.5,100,100,36,0.5,930,known,100,-1
1760,-50.5,100,100,51,0.5,778,known,100,-1
1761,-50.5,100,100,46,0.5,1157,known,100,-1
1762,-50.5,100,100,36,0.5,739,known,100,-1
1763,-50.5,100,100,54,0.5,1444,known,100,-1
1764,-50.5,100,100,48,0.5,1264,known,100,-1
1765,-50.5,100,100,57,0.5,1536,known,100,-1
1766,-50.5,100,100,64,0.5,1493,known,100,-1
1767,-50.5,100,100,47,0.5,1254,known,100,-1
1768,-50.5,100,100,57,0.5,1057,known,100,-1
1769,-50.5,100,100,49,0.5,603,known,100,-1
1770,-50.5,100,100,55,0.5,1254,known,100,-1
1771,-50.5,100,100,55,0.5,1491,known,100,-1
1772,-50.5,100,100,34,0.5,942,known,100,-1
1773,-50.5,100,100,52,0.5,809,known,100,-1
1774,-50.5,100,100,39,0.5,1379,known,100,-1
1775,-50.5,100,100,42,0.5,1070,known,100,-1
1776,-50.5,100,100,46,0.5,458,new,100,-1
1777,-50.5,100,100,50,0.5,718,new,100,-1
1778,-50.5,100,100,52,0.5,777,new,100,-1
1779,-50.5,100,100,48,0.5,1199,new,100,-1
1780,-50.5,100,100,39,0.5,510,new,100,-1
1781,-50.5,100,100,45,0.5,486,new,100,-1
1782,-50.5,100,100,43,0.5,361,new,100,-1
1783,-50.5,100,100,52,0.5,896,new,100,-1
1784,-50.5,100,100,55,0.5,791,new,100,-1
1785,-50.5,100,100,47,0.5,942,new,100,-1
1786,-50.5,100,100,48,0.5,863,new,100,-1
1787,-50.5,100,100,55,0.5,1343,new,100,-1
1788,-50.5,100,100,39,0.5,526,new,100,-1
1789,-50.5,100,100,41,0.5,926,new,100,-1
1790,-50.5,100,100,56,0.5,1444,new,100,-1
1791,-50.5,100,100,52,0.5,1348,new,100,-1
1792,-50.5,100,100,37,0.5,413,new,100,-1
1793,-50.5,100,100,43,0.5,1581,new,100,-1
1794,-50.5,100,100,46,0.5,1348,new,100,-1
1795,-50.5,100,100,50,0.5,1276,new,100,-1
1796,-50.5,100,100,44,0.5,941,new,100,-1
1797,-50.5,100,100,43,0.5,607,new,100,-1
1798,-50.5,100,100,49,0.5,848,new,100,-1
1799,-50.5,100,100,47,0.5,495,new,100,-1
1800,-50.5,100,100,47,0.5,1157,new,100,-1
1801,-50.5,100,100,48,0.5,283,new,100,-1
1802,-50.5,100,100,54,0.5,603,new,100,-1
1803,-50.5,100,100,51,0.5,942,new,100,-1
1804,-50.5,100,100,48,0.5,1348,new,100,-1
1805,-50.5,100,100,52,0.5,521,new,100,-1
1806,-50.5,100,100,52,0.5,1057,new,100,-1
1807,-50.5,100,100,50,0.5,708,new,100,-1
1808,-50.5,100,100,44,0.5,708,new,100,-1
1809,-50.5,100,100,46,0.5,1534,new,100,-1
1810,-50.5,100,100,46,0.5,378,new,100,-1
1811,-50.5,100,100,51,0.5,1370,new,100,-1
1812,-50.5,100,100,51,0.5,581,new,100,-1
1813,-50.5,100,100,43,0.5,942,new,100,-1
1814,-50.5,100,100,49,0.5,492,new,100,-1
1815,-50.5,100,100,47,0.5,808,new,100,-1
1816,-50.5,100,100,43,0.5,926,new,100,-1
1817,-50.5,100,100,47,0.5,581,new,100,-1
1818,-50.5,100,100,57,0.5,597,new,100,-1
1819,-50.5,100,100,54,0.5,1435,new,100,-1
1820,-50.5,100,100,51,0.5,1309,new,100,-1
1821,-50.5,100,100,47,0.5,1276,new,100,-1
1822,-50.5,100,100,43,0.5,676,new,100,-1
1823,-50.5,100,100,44,0.5,1435,new,100,-1
1824,-50.5,100,100,61,0.5,1444,new,100,-1
1825,-50.5,100,100,46,0.5,1098,new,100,-1
1826,-50.5,100,100,46,0.5,1435,new,100,-1
1827,-50.5,100,100,52,0.5,1399,new,100,-1
1828,-50.5,100,100,53,0.5,823,new,100,-1
1829,-50.5,100,100,48,0.5,640,new,100,-1
1830,-50.5,100,100,51,0.5,863,new,100,-1
1831,-50.5,100,100,57,0.5,1534,new,100,-1
1832,-50.5,100,100,56,0.5,1199,new,100,-1
1833,-50.5,100,100,48,0.5,784,new,100,-1
1834,-50.5,100,100,49,0.5,791,new,100,-1
1835,-50.5,100,100,44,0.5,1070,new,100,-1
1836,-50.5,100,100,49,0.5,1435,new,100,-1
1837,-50.5,100,100,47,0.5,411,new,100,-1
1838,-50.5,100,100,38,0.5,817,new,100,-1
1839,-50.5,100,100,48,0.5,1070,new,100,-1
1840,-50.5,100,100,35,0.5,747,new,100,-1
1841,-50.5,100,100,39,0.5,1348,new,100,-1
1842,-50.5,100,100,43,0.5,1348,new,100,-1
1843,-50.5,100,100,50,0.5,1348,new,100,-1
1844,-50.5,100,100,45,0.5,1074,new,100,-1
1845,-50.5,100,100,49,0.5,1896,new,100,-1
1846,-50.5,100,100,44,0.5,1435,new,100,-1
1847,-50.5,100,100,44,0.5,648,new,100,-1
1848,-50.5,100,100,56,0.5,494,new,100,-1
1849,-50.5,100,100,50,0.5,1399,new,100,-1
1850,-50.5,100,100,54,0.5,526,new,100,-1
1851,-50.5,100,100,52,0.5,747,new,100,-1
1852,-50.5,100,100,48,0.5,880,new,100,-1
1853,-50.5,100,100,41,0.5,867,new,100,-1
1854,-50.5,100,100,42,0.5,607,new,100,-1
1855,-50.5,100,100,50,0.5,609,new,100,-1
1856,-50.5,100,100,43,0.5,515,new,100,-1
1857,-50.5,100,100,49,0.5,1199,new,100,-1
1858,-50.5,100,100,53,0.5,1820,new,100,-1
1859,-50.5,100,100,44,0.5,615,new,100,-1
1860,-50.5,100,100,54,0.5,389,new,100,-1
1861,-50.5,100,100,45,0.5,1491,new,100,-1
1862,-50.5,100,100,51,0.5,1546,new,100,-1
1863,-50.5,100,100,43,0.5,1455,new,100,-1
1864,-50.5,100,100,40,0.5,1088,new,100,-1
1865,-50.5,100,100,44,0.5,1199,new,100,-1
1866,-50.5,100,100,59,0.5,942,new,100,-1
1867,-50.5,100,100,50,0.5,718,new,100,-1
1868,-50.5,100,100,42,0.5,640,new,100,-1
1869,-50.5,100,100,43,0.5,362,new,100,-1
1870,-50.5,100,100,41,0.5,815,new,100,-1
1871,-50.5,100,100,44,0.5,709,new,100,-1
1872,-50.5,100,100,42,0.5,492,new,100,-1
1873,-50.5,100,100,45,0.5,607,new,100,-1
1874,-50.5,100,100,51,0.5,1647,new,100,-1
1875,-50.5,100,200,40,0.5,1195,known,100,-1
1876,-50.5,100,200,42,0.5,1195,known,100,-1
1877,-50.5,100,200,50,0.5,1110,known,100,-1
1878,-50.5,100,200,49,0.5,492,known,100,-1
1879,-50.5,100,200,57,0.5,1405,known,100,-1
1880,-50.5,100,200,45,0.5,942,known,100,-1
1881,-50.5,100,200,51,0.5,1301,known,100,-1
1882,-50.5,100,200,33,0.5,597,known,100,-1
1883,-50.5,100,200,52,0.5,993,known,100,-1
1884,-50.5,100,200,55,0.5,1195,known,100,-1
1885,-50.5,100,200,51,0.5,1330,known,100,-1
1886,-50.5,100,200,48,0.5,1195,known,100,-1
1887,-50.5,100,200,46,0.5,935,known,100,-1
1888,-50.5,100,200,39,0.5,379,known,100,-1
1889,-50.5,100,200,52,0.5,1195,known,100,-1
1890,-50.5,100,200,49,0.5,1653,known,100,-1
1891,-50.5,100,200,63,0.5,2565,known,100,-1
1892,-50.5,100,200,42,0.5,926,known,100,-1
1893,-50.5,100,200,43,0.5,1301,known,100,-1
1894,-50.5,100,200,57,0.5,1507,known,100,-1
1895,-50.5,100,200,42,0.5,597,known,100,-1
1896,-50.5,100,200,41,0.5,1301,known,100,-1
1897,-50.5,100,200,58,0.5,1255,known,100,-1
1898,-50.5,100,200,42,0.5,935,known,100,-1
1899,-50.5,100,200,34,0.5,913,known,100,-1
1900,-50.5,100,200,48,0.5,1301,known,100,-1
1901,-50.5,100,200,62,0.5,1195,known,100,-1
1902,-50.5,100,200,38,0.5,1195,known,100,-1
1903,-50.5,100,200,45,0.5,1083,known,100,-1
1904,-50.5,100,200,49,0.5,1228,known,100,-1
1905,-50.5,100,200,62,0.5,1540,known,100,-1
1906,-50.5,100,200,46,0.5,973,known,100,-1
1907,-50.5,100,200,55,0.5,2947,known,100,-1
1908,-50.5,100,200,47,0.5,568,known,100,-1
1909,-50.5,100,200,44,0.5,1709,known,100,-1
1910,-50.5,100,200,59,0.5,1083,known,100,-1
1911,-50.5,100,200,42,0.5,1474,known,100,-1
1912,-50.5,100,200,48,0.5,1507,known,100,-1
1913,-50.5,100,200,52,0.5,1195,known,100,-1
1914,-50.5,100,200,43,0.5,625,known,100,-1
1915,-50.5,100,200,53,0.5,1865,known,100,-1
1916,-50.5,100,200,34,0.5,458,known,100,-1
1917,-50.5,100,200,42,0.5,929,known,100,-1
1918,-50.5,100,200,44,0.5,1110,known,100,-1
1919,-50.5,100,200,50,0.5,1195,known,100,-1
1920,-50.5,100,200,56,0.5,710,known,100,-1
1921,-50.5,100,200,37,0.5,710,known,100,-1
1922,-50.5,100,200,51,0.5,1929,known,100,-1
1923,-50.5,100,200,48,0.5,1100,known,100,-1
1924,-50.5,100,200,38,0.5,1195,known,100,-1
1925,-50.5,100,200,44,0.5,490,known,100,-1
1926,-50.5,100,200,47,0.5,1148,known,100,-1
1927,-50.5,100,200,63,0.5,1083,known,100,-1
1928,-50.5,100,200,41,0.5,1015,known,100,-1
1929,-50.5,100,200,47,0.5,1301,known,100,-1
1930,-50.5,100,200,60,0.5,1083,known,100,-1
1931,-50.5,100,200,44,0.5,786,known,100,-1
1932,-50.5,100,200,50,0.5,1363,known,100,-1
1933,-50.5,100,200,53,0.5,1020,known,100,-1
1934,-50.5,100,200,37,0.5,1653,known,100,-1
1935,-50.5,100,200,44,0.5,1255,known,100,-1
1936,-50.5,100,200,51,0.5,898,known,100,-1
1937,-50.5,100,200,52,0.5,1200,known,100,-1
1938,-50.5,100,200,44,0.5,735,known,100,-1
1939,-50.5,100,200,51,0.5,682,known,100,-1
1940,-50.5,100,200,45,0.5,1301,known,100,-1
1941,-50.5,100,200,49,0.5,532,known,100,-1
1942,-50.5,100,200,50,0.5,1301,known,100,-1
1943,-50.5,100,200,50,0.5,1709,known,100,-1
1944,-50.5,100,200,39,0.5,655,known,100,-1
1945,-50.5,100,200,53,0.5,993,known,100,-1
1946,-50.5,100,200,44,0.5,444,known,100,-1
1947,-50.5,100,200,39,0.5,353,known,100,-1
1948,-50.5,100,200,46,0.5,431,known,100,-1
1949,-50.5,100,200,59,0.5,993,known,100,-1
1950,-50.5,100,200,40,0.5,909,known,100,-1
1951,-50.5,100,200,59,0.5,1357,known,100,-1
1952,-50.5,100,200,40,0.5,463,known,100,-1
1953,-50.5,100,200,42,0.5,1195,known,100,-1
1954,-50.5,100,200,41,0.5,978,known,100,-1
1955,-50.5,100,200,41,0.5,735,known,100,-1
1956,-50.5,100,200,58,0.5,1228,known,100,-1
1957,-50.5,100,200,41,0.5,471,known,100,-1
1958,-50.5,100,200,45,0.5,1195,known,100,-1
1959,-50.5,100,200,60,0.5,863,known,100,-1
1960,-50.5,100,200,46,0.5,1186,known,100,-1
1961,-50.5,100,200,35,0.5,625,known,100,-1
1962,-50.5,100,200,50,0.5,1075,known,100,-1
1963,-50.5,100,200,63,0.5,1474,known,100,-1
1964,-50.5,100,200,43,0.5,710,known,100,-1
1965,-50.5,100,200,58,0.5,1220,known,100,-1
1966,-50.5,100,200,49,0.5,671,known,100,-1
1967,-50.5,100,200,67,0.5,1423,known,100,-1
1968,-50.5,100,200,54,0.5,863,known,100,-1
1969,-50.5,100,200,57,0.5,1195,known,100,-1
1970,-50.5,100,200,59,0.5,1653,known,100,-1
1971,-50.5,100,200,48,0.5,1141,known,100,-1
1972,-50.5,100,200,53,0.5,1929,known,100,-1
1973,-50.5,100,200,38,0.5,848,known,100,-1
1974,-50.5,100,200,41,0.5,1195,known,100,-1
1975,-50.5,100,200,52,0.5,1220,known,100,-1
1976,-50.5,100,200,51,0.5,1500,known,100,-1
1977,-50.5,100,200,43,0.5,1419,known,100,-1
1978,-50.5,100,200,46,0.5,1180,known,100,-1
1979,-50.5,100,200,46,0.5,735,known,100,-1
1980,-50.5,100,200,54,0.5,1330,known,100,-1
1981,-50.5,100,200,40,0.5,535,known,100,-1
1982,-50.5,100,200,44,0.5,602,known,100,-1
1983,-50.5,100,200,58,0.5,1726,known,100,-1
1984,-50.5,100,200,42,0.5,848,known,100,-1
1985,-50.5,100,200,45,0.5,1452,known,100,-1
1986,-50.5,100,200,43,0.5,1301,known,100,-1
1987,-50.5,100,200,58,0.5,1098,known,100,-1
1988,-50.5,100,200,44,0.5,935,known,100,-1
1989,-50.5,100,200,51,0.5,1220,known,100,-1
1990,-50.5,100,200,60,0.5,1726,known,100,-1
1991,-50.5,100,200,50,0.5,1083,known,100,-1
1992,-50.5,100,200,58,0.5,1703,known,100,-1
1993,-50.5,100,200,43,0.5,1653,known,100,-1
1994,-50.5,100,200,48,0.5,522,known,100,-1
1995,-50.5,100,200,46,0.5,655,known,100,-1
1996,-50.5,100,200,43,0.5,848,known,100,-1
1997,-50.5,100,200,44,0.5,1452,known,100,-1
1998,-50.5,100,200,48,0.5,597,known,100,-1
1999,-50.5,100,200,49,0.5,935,known,100,-1
2000,-50.5,100,200,43,0.5,678,known,100,-1
2001,-50.5,100,200,47,0.5,1653,known,100,-1
2002,-50.5,100,200,48,0.5,993,known,100,-1
2003,-50.5,100,200,53,0.5,1330,known,100,-1
2004,-50.5,100,200,40,0.5,1330,known,100,-1
2005,-50.5,100,200,50,0.5,1391,known,100,-1
2006,-50.5,100,200,47,0.5,848,known,100,-1
2007,-50.5,100,200,50,0.5,1364,known,100,-1
2008,-50.5,100,200,48,0.5,1228,known,100,-1
2009,-50.5,100,200,39,0.5,822,known,100,-1
2010,-50.5,100,200,40,0.5,426,known,100,-1
2011,-50.5,100,200,42,0.5,1208,known,100,-1
2012,-50.5,100,200,59,0.5,920,known,100,-1
2013,-50.5,100,200,47,0.5,1195,known,100,-1
2014,-50.5,100,200,49,0.5,1195,known,100,-1
2015,-50.5,100,200,47,0.5,597,known,100,-1
2016,-50.5,100,200,46,0.5,1364,known,100,-1
2017,-50.5,100,200,44,0.5,1709,known,100,-1
2018,-50.5,100,200,61,0.5,1653,known,100,-1
2019,-50.5,100,200,31,0.5,682,known,100,-1
2020,-50.5,100,200,57,0.5,1330,known,100,-1
2021,-50.5,100,200,42,0.5,993,known,100,-1
2022,-50.5,100,200,45,0.5,597,known,100,-1
2023,-50.5,100,200,41,0.5,1653,known,100,-1
2024,-50.5,100,200,63,0.5,1403,known,100,-1
2025,-50.5,100,200,50,0.5,685,known,100,-1
2026,-50.5,100,200,41,0.5,534,known,100,-1
2027,-50.5,100,200,53,0.5,1255,known,100,-1
2028,-50.5,100,200,66,0.5,1186,known,100,-1
2029,-50.5,100,200,39,0.5,1220,known,100,-1
2030,-50.5,100,200,47,0.5,685,known,100,-1
2031,-50.5,100,200,62,0.5,1195,known,100,-1
2032,-50.5,100,200,56,0.5,1301,known,100,-1
2033,-50.5,100,200,50,0.5,923,known,100,-1
2034,-50.5,100,200,40,0.5,532,known,100,-1
2035,-50.5,100,200,45,0.5,1301,known,100,-1
2036,-50.5,100,200,56,0.5,1020,known,100,-1
2037,-50.5,100,200,55,0.5,575,known,100,-1
2038,-50.5,100,200,37,0.5,848,known,100,-1
2039,-50.5,100,200,38,0.5,302,known,100,-1
2040,-50.5,100,200,36,0.5,597,known,100,-1
2041,-50.5,100,200,37,0.5,451,known,100,-1
2042,-50.5,100,200,45,0.5,747,known,100,-1
2043,-50.5,100,200,48,0.5,993,known,100,-1
2044,-50.5,100,200,47,0.5,848,known,100,-1
2045,-50.5,100,200,59,0.5,2947,known,100,-1
2046,-50.5,100,200,33,0.5,382,known,100,-1
2047,-50.5,100,200,48,0.5,1301,known,100,-1
2048,-50.5,100,200,64,0.5,1929,known,100,-1
2049,-50.5,100,200,49,0.5,492,known,100,-1
2050,-50.5,100,200,50,0.5,659,known,100,-1
2051,-50.5,100,200,48,0.5,989,known,100,-1
2052,-50.5,100,200,50,0.5,1653,known,100,-1
2053,-50.5,100,200,40,0.5,747,known,100,-1
2054,-50.5,100,200,40,0.5,978,known,100,-1
2055,-50.5,100,200,53,0.5,993,known,100,-1
2056,-50.5,100,200,41,0.5,1330,known,100,-1
2057,-50.5,100,200,45,0.5,1195,known,100,-1
2058,-50.5,100,200,45,0.5,1228,known,100,-1
2059,-50.5,100,200,40,0.5,993,known,100,-1
2060,-50.5,100,200,58,0.5,1709,known,100,-1
2061,-50.5,100,200,49,0.5,1195,known,100,-1
2062,-50.5,100,200,45,0.5,492,known,100,-1
2063,-50.5,100,200,46,0.5,926,known,100,-1
2064,-50.5,100,200,43,0.5,982,known,100,-1
2065,-50.5,100,200,48,0.5,1726,known,100,-1
2066,-50.5,100,200,61,0.5,2947,known,100,-1
2067,-50.5,100,200,44,0.5,598,known,100,-1
2068,-50.5,100,200,36,0.5,685,known,100,-1
2069,-50.5,100,200,43,0.5,1709,known,100,-1
2070,-50.5,100,200,32,0.5,496,known,100,-1
2071,-50.5,100,200,41,0.5,848,known,100,-1
2072,-50.5,100,200,52,0.5,710,known,100,-1
2073,-50.5,100,200,43,0.5,710,known,100,-1
2074,-50.5,100,200,50,0.5,1181,known,100,-1
2075,-50.5,100,200,50,0.5,619,new,100,-1
2076,-50.5,100,200,41,0.5,454,new,100,-1
2077,-50.5,100,200,56,0.5,848,new,100,-1
2078,-50.5,100,200,49,0.5,935,new,100,-1
2079,-50.5,100,200,50,0.5,1083,new,100,-1
2080,-50.5,100,200,43,0.5,652,new,100,-1
2081,-50.5,100,200,42,0.5,700,new,100,-1
2082,-50.5,100,200,50,0.5,765,new,100,-1
2083,-50.5,100,200,51,0.5,1330,new,100,-1
2084,-50.5,100,200,46,0.5,597,new,100,-1
2085,-50.5,100,200,50,0.5,913,new,100,-1
2086,-50.5,100,200,53,0.5,597,new,100,-1
2087,-50.5,100,200,49,0.5,1301,new,100,-1
2088,-50.5,100,200,45,0.5,413,new,100,-1
2089,-50.5,100,200,52,0.5,1015,new,100,-1
2090,-50.5,100,200,54,0.5,682,new,100,-1
2091,-50.5,100,200,46,0.5,652,new,100,-1
2092,-50.5,100,200,56,0.5,1579,new,100,-1
2093,-50.5,100,200,54,0.5,1301,new,100,-1
2094,-50.5,100,200,46,0.5,652,new,100,-1
2095,-50.5,100,200,56,0.5,1100,new,100,-1
2096,-50.5,100,200,49,0.5,597,new,100,-1
2097,-50.5,100,200,41,0.5,913,new,100,-1
2098,-50.5,100,200,51,0.5,346,new,100,-1
2099,-50.5,100,200,56,0.5,652,new,100,-1
2100,-50.5,100,200,44,0.5,865,new,100,-1
2101,-50.5,100,200,47,0.5,848,new,100,-1
2102,-50.5,100,200,50,0.5,1195,new,100,-1
2103,-50.5,100,200,40,0.5,492,new,100,-1
2104,-50.5,100,200,42,0.5,1145,new,100,-1
2105,-50.5,100,200,47,0.5,1040,new,100,-1
2106,-50.5,100,200,46,0.5,1330,new,100,-1
2107,-50.5,100,200,54,0.5,1301,new,100,-1
2108,-50.5,100,200,41,0.5,1301,new,100,-1
2109,-50.5,100,200,42,0.5,1009,new,100,-1
2110,-50.5,100,200,55,0.5,1653,new,100,-1
2111,-50.5,100,200,56,0.5,1100,new,100,-1
2112,-50.5,100,200,51,0.5,1330,new,100,-1
2113,-50.5,100,200,48,0.5,786,new,100,-1
2114,-50.5,100,200,46,0.5,715,new,100,-1
2115,-50.5,100,200,54,0.5,913,new,100,-1
2116,-50.5,100,200,48,0.5,643,new,100,-1
2117,-50.5,100,200,54,0.5,1301,new,100,-1
2118,-50.5,100,200,48,0.5,786,new,100,-1
2119,-50.5,100,200,54,0.5,1653,new,100,-1
2120,-50.5,100,200,56,0.5,2565,new,100,-1
2121,-50.5,100,200,54,0.5,678,new,100,-1
2122,-50.5,100,200,53,0.5,993,new,100,-1
2123,-50.5,100,200,59,0.5,1726,new,100,-1
2124,-50.5,100,200,48,0.5,534,new,100,-1
2125,-50.5,100,200,49,0.5,1195,new,100,-1
2126,-50.5,100,200,52,0.5,715,new,100,-1
2127,-50.5,100,200,50,0.5,423,new,100,-1
2128,-50.5,100,200,49,0.5,597,new,100,-1
2129,-50.5,100,200,48,0.5,353,new,100,-1
2130,-50.5,100,200,45,0.5,625,new,100,-1
2131,-50.5,100,200,53,0.5,863,new,100,-1
2132,-50.5,100,200,50,0.5,625,new,100,-1
2133,-50.5,100,200,45,0.5,1330,new,100,-1
2134,-50.5,100,200,46,0.5,1195,new,100,-1
2135,-50.5,100,200,45,0.5,492,new,100,-1
2136,-50.5,100,200,42,0.5,929,new,100,-1
2137,-50.5,100,200,42,0.5,617,new,100,-1
2138,-50.5,100,200,60,0.5,1195,new,100,-1
2139,-50.5,100,200,46,0.5,535,new,100,-1
2140,-50.5,100,200,51,0.5,1423,new,100,-1
2141,-50.5,100,200,47,0.5,668,new,100,-1
2142,-50.5,100,200,53,0.5,1145,new,100,-1
2143,-50.5,100,200,51,0.5,597,new,100,-1
2144,-50.5,100,200,60,0.5,926,new,100,-1
2145,-50.5,100,200,53,0.5,1083,new,100,-1
2146,-50.5,100,200,52,0.5,682,new,100,-1
2147,-50.5,100,200,54,0.5,715,new,100,-1
2148,-50.5,100,200,50,0.5,617,new,100,-1
2149,-50.5,100,200,47,0.5,715,new,100,-1
2150,-50.5,100,200,50,0.5,385,new,100,-1
2151,-50.5,100,200,46,0.5,468,new,100,-1
2152,-50.5,100,200,57,0.5,1217,new,100,-1
2153,-50.5,100,200,43,0.5,597,new,100,-1
2154,-50.5,100,200,44,0.5,534,new,100,-1
2155,-50.5,100,200,56,0.5,1255,new,100,-1
2156,-50.5,100,200,55,0.5,715,new,100,-1
2157,-50.5,100,200,49,0.5,597,new,100,-1
2158,-50.5,100,200,37,0.5,1330,new,100,-1
2159,-50.5,100,200,50,0.5,1142,new,100,-1
2160,-50.5,100,200,58,0.5,1195,new,100,-1
2161,-50.5,100,200,49,0.5,454,new,100,-1
2162,-50.5,100,200,43,0.5,1195,new,100,-1
2163,-50.5,100,200,46,0.5,597,new,100,-1
2164,-50.5,100,200,51,0.5,710,new,100,-1
2165,-50.5,100,200,62,0.5,1083,new,100,-1
2166,-50.5,100,200,53,0.5,617,new,100,-1
2167,-50.5,100,200,51,0.5,1100,new,100,-1
2168,-50.5,100,200,56,0.5,1228,new,100,-1
2169,-50.5,100,200,45,0.5,913,new,100,-1
2170,-50.5,100,200,49,0.5,626,new,100,-1
2171,-50.5,100,200,49,0.5,926,new,100,-1
2172,-50.5,100,200,54,0.5,913,new,100,-1
2173,-50.5,100,200,49,0.5,1195,new,100,-1
2174,-50.5,100,200,47,0.5,575,new,100,-1
2175,-50.5,100,200,54,0.5,667,new,100,-1
2176,-50.5,100,200,53,0.5,908,new,100,-1
2177,-50.5,100,200,51,0.5,765,new,100,-1
2178,-50.5,100,200,46,0.5,848,new,100,-1
2179,-50.5,100,200,39,0.5,349,new,100,-1
2180,-50.5,100,200,48,0.5,923,new,100,-1
2181,-50.5,100,200,50,0.5,1452,new,100,-1
2182,-50.5,100,200,46,0.5,715,new,100,-1
2183,-50.5,100,200,48,0.5,566,new,100,-1
2184,-50.5,100,200,56,0.5,1195,new,100,-1
2185,-50.5,100,200,47,0.5,685,new,100,-1
2186,-50.5,100,200,53,0.5,993,new,100,-1
2187,-50.5,100,200,42,0.5,1195,new,100,-1
2188,-50.5,100,200,47,0.5,1663,new,100,-1
2189,-50.5,100,200,57,0.5,1726,new,100,-1
2190,-50.5,100,200,48,0.5,1452,new,100,-1
2191,-50.5,100,200,46,0.5,597,new,100,-1
2192,-50.5,100,200,51,0.5,1726,new,100,-1
2193,-50.5,100,200,44,0.5,848,new,100,-1
2194,-50.5,100,200,51,0.5,597,new,100,-1
2195,-50.5,100,200,45,0.5,1220,new,100,-1
2196,-50.5,100,200,47,0.5,535,new,100,-1
2197,-50.5,100,200,35,0.5,1364,new,100,-1
2198,-50.5,100,200,48,0.5,535,new,100,-1
2199,-50.5,100,200,48,0.5,413,new,100,-1
2200,-50.5,100,200,44,0.5,848,new,100,-1
2201,-50.5,100,200,54,0.5,993,new,100,-1
2202,-50.5,100,200,56,0.5,1195,new,100,-1
2203,-50.5,100,200,42,0.5,522,new,100,-1
2204,-50.5,100,200,46,0.5,492,new,100,-1
2205,-50.5,100,200,53,0.5,1083,new,100,-1
2206,-50.5,100,200,55,0.5,1540,new,100,-1
2207,-50.5,100,200,41,0.5,1301,new,100,-1
2208,-50.5,100,200,46,0.5,1195,new,100,-1
2209,-50.5,100,200,42,0.5,652,new,100,-1
2210,-50.5,100,200,45,0.5,1195,new,100,-1
2211,-50.5,100,200,43,0.5,848,new,100,-1
2212,-50.5,100,200,44,0.5,993,new,100,-1
2213,-50.5,100,200,44,0.5,715,new,100,-1
2214,-50.5,100,200,38,0.5,1709,new,100,-1
2215,-50.5,100,200,52,0.5,597,new,100,-1
2216,-50.5,100,200,53,0.5,1390,new,100,-1
2217,-50.5,100,200,55,0.5,682,new,100,-1
2218,-50.5,100,200,53,0.5,655,new,100,-1
2219,-50.5,100,200,37,0.5,597,new,100,-1
2220,-50.5,100,200,45,0.5,1083,new,100,-1
2221,-50.5,100,200,50,0.5,715,new,100,-1
2222,-50.5,100,200,48,0.5,848,new,100,-1
2223,-50.5,100,200,48,0.5,678,new,100,-1
2224,-50.5,100,200,38,0.5,617,new,100,-1
2225,-50.5,100,200,45,0.5,1330,new,100,-1
2226,-50.5,100,200,46,0.5,1195,new,100,-1
2227,-50.5,100,200,46,0.5,1663,new,100,-1
2228,-50.5,100,200,41,0.5,710,new,100,-1
2229,-50.5,100,200,52,0.5,1146,new,100,-1
2230,-50.5,100,200,51,0.5,1653,new,100,-1
2231,-50.5,100,200,52,0.5,652,new,100,-1
2232,-50.5,100,200,47,0.5,1195,new,100,-1
2233,-50.5,100,200,47,0.5,423,new,100,-1
2234,-50.5,100,200,58,0.5,1301,new,100,-1
2235,-50.5,100,200,55,0.5,1929,new,100,-1
2236,-50.5,100,200,52,0.5,1709,new,100,-1
2237,-50.5,100,200,43,0.5,710,new,100,-1
2238,-50.5,100,200,52,0.5,1301,new,100,-1
2239,-50.5,100,200,47,0.5,929,new,100,-1
2240,-50.5,100,200,47,0.5,682,new,100,-1
2241,-50.5,100,200,47,0.5,993,new,100,-1
2242,-50.5,100,200,45,0.5,989,new,100,-1
2243,-50.5,100,200,44,0.5,451,new,100,-1
2244,-50.5,100,200,42,0.5,386,new,100,-1
2245,-50.5,100,200,48,0.5,597,new,100,-1
2246,-50.5,100,200,39,0.5,655,new,100,-1
2247,-50.5,100,200,47,0.5,625,new,100,-1
2248,-50.5,100,200,53,0.5,1195,new,100,-1
2249,-50.5,100,200,41,0.5,1364,new,100,-1
2250,-50.5,100,200,48,0.5,1195,new,100,-1
2251,-50.5,100,200,48,0.5,516,new,100,-1
2252,-50.5,100,200,58,0.5,1195,new,100,-1
2253,-50.5,100,200,55,0.5,1330,new,100,-1
2254,-50.5,100,200,48,0.5,454,new,100,-1
2255,-50.5,100,200,51,0.5,1045,new,100,-1
2256,-50.5,100,200,46,0.5,1301,new,100,-1
2257,-50.5,100,200,50,0.5,1653,new,100,-1
2258,-50.5,100,200,60,0.5,1100,new,100,-1
2259,-50.5,100,200,42,0.5,982,new,100,-1
2260,-50.5,100,200,49,0.5,1195,new,100,-1
2261,-50.5,100,200,45,0.5,389,new,100,-1
2262,-50.5,100,200,46,0.5,682,new,100,-1
2263,-50.5,100,200,55,0.5,1100,new,100,-1
2264,-50.5,100,200,47,0.5,708,new,100,-1
2265,-50.5,100,200,40,0.5,715,new,100,-1
2266,-50.5,100,200,44,0.5,617,new,100,-1
2267,-50.5,100,200,48,0.5,1304,new,100,-1
2268,-50.5,100,200,58,0.5,1372,new,100,-1
2269,-50.5,100,200,46,0.5,1301,new,100,-1
2270,-50.5,100,200,41,0.5,1540,new,100,-1
2271,-50.5,100,200,50,0.5,1195,new,100,-1
2272,-50.5,100,200,44,0.5,617,new,100,-1
2273,-50.5,100,200,50,0.5,597,new,100,-1
